wave,dataset,variant,seed,metric,metric_key,direction,validation_metric,validation_score,test_metric,inference_mode,config_path,result_path,failure,best_step
baseline_fidelity,sberbank-housing,baseline_plr,0,RMSE,rmse,lower,0.23452539387100468,-0.23452539387100468,0.23846659721529556,mean,exp/integrated/baseline_fidelity/sberbank-housing/baseline_plr-evaluation/0.toml,exp/integrated/baseline_fidelity/sberbank-housing/baseline_plr-evaluation/0,False,814
baseline_fidelity,sberbank-housing,baseline_plr,0,RMSE,rmse,lower,0.23955454428788905,-0.23955454428788905,0.26588264760298186,best-head,exp/integrated/baseline_fidelity/sberbank-housing/baseline_plr-evaluation/0.toml,exp/integrated/baseline_fidelity/sberbank-housing/baseline_plr-best-head-evaluation/0,False,814
baseline_fidelity,sberbank-housing,baseline_plr,0,RMSE,rmse,lower,0.23257941028161666,-0.23257941028161666,0.23549883338311248,greedy-heads,exp/integrated/baseline_fidelity/sberbank-housing/baseline_plr-evaluation/0.toml,exp/integrated/baseline_fidelity/sberbank-housing/baseline_plr-greedy-heads-evaluation/0,False,814
baseline_fidelity,ecom-offers,baseline_plr,0,AUROC,roc-auc,higher,0.6227054517511603,0.6227054517511603,0.591151981311678,mean,exp/integrated/baseline_fidelity/ecom-offers/baseline_plr-evaluation/0.toml,exp/integrated/baseline_fidelity/ecom-offers/baseline_plr-evaluation/0,False,321
baseline_fidelity,ecom-offers,baseline_plr,0,AUROC,roc-auc,higher,0.6404461738890127,0.6404461738890127,0.6034781946000056,best-head,exp/integrated/baseline_fidelity/ecom-offers/baseline_plr-evaluation/0.toml,exp/integrated/baseline_fidelity/ecom-offers/baseline_plr-best-head-evaluation/0,False,321
baseline_fidelity,ecom-offers,baseline_plr,0,AUROC,roc-auc,higher,0.6413971749638401,0.6413971749638401,0.6040305589800323,greedy-heads,exp/integrated/baseline_fidelity/ecom-offers/baseline_plr-evaluation/0.toml,exp/integrated/baseline_fidelity/ecom-offers/baseline_plr-greedy-heads-evaluation/0,False,321
baseline_fidelity,homesite-insurance,baseline_plr,0,AUROC,roc-auc,higher,0.9583121450834431,0.9583121450834431,0.9626260391126089,mean,exp/integrated/baseline_fidelity/homesite-insurance/baseline_plr-evaluation/0.toml,exp/integrated/baseline_fidelity/homesite-insurance/baseline_plr-evaluation/0,False,1980
baseline_fidelity,homesite-insurance,baseline_plr,0,AUROC,roc-auc,higher,0.9554763470552776,0.9554763470552776,0.959416932798502,best-head,exp/integrated/baseline_fidelity/homesite-insurance/baseline_plr-evaluation/0.toml,exp/integrated/baseline_fidelity/homesite-insurance/baseline_plr-best-head-evaluation/0,False,1980
baseline_fidelity,homesite-insurance,baseline_plr,0,AUROC,roc-auc,higher,0.9589474980445032,0.9589474980445032,0.9625170670540112,greedy-heads,exp/integrated/baseline_fidelity/homesite-insurance/baseline_plr-evaluation/0.toml,exp/integrated/baseline_fidelity/homesite-insurance/baseline_plr-greedy-heads-evaluation/0,False,1980
baseline_fidelity,cooking-time,baseline_plr,0,RMSE,rmse,lower,0.4627596029926704,-0.4627596029926704,0.4802386655626689,mean,exp/integrated/baseline_fidelity/cooking-time/baseline_plr-evaluation/0.toml,exp/integrated/baseline_fidelity/cooking-time/baseline_plr-evaluation/0,False,23088
baseline_fidelity,cooking-time,baseline_plr,0,RMSE,rmse,lower,0.4652274815891859,-0.4652274815891859,0.4820660657381116,best-head,exp/integrated/baseline_fidelity/cooking-time/baseline_plr-evaluation/0.toml,exp/integrated/baseline_fidelity/cooking-time/baseline_plr-best-head-evaluation/0,False,23088
baseline_fidelity,cooking-time,baseline_plr,0,RMSE,rmse,lower,0.4625169879783321,-0.4625169879783321,0.47990786370986477,greedy-heads,exp/integrated/baseline_fidelity/cooking-time/baseline_plr-evaluation/0.toml,exp/integrated/baseline_fidelity/cooking-time/baseline_plr-greedy-heads-evaluation/0,False,23088
baseline_fidelity,delivery-eta,baseline_plr,0,RMSE,rmse,lower,0.5558749906446844,-0.5558749906446844,0.5496162918403876,mean,exp/integrated/baseline_fidelity/delivery-eta/baseline_plr-evaluation/0.toml,exp/integrated/baseline_fidelity/delivery-eta/baseline_plr-evaluation/0,False,2184
baseline_fidelity,delivery-eta,baseline_plr,0,RMSE,rmse,lower,0.5583881453279098,-0.5583881453279098,0.5557654209580059,best-head,exp/integrated/baseline_fidelity/delivery-eta/baseline_plr-evaluation/0.toml,exp/integrated/baseline_fidelity/delivery-eta/baseline_plr-best-head-evaluation/0,False,2184
baseline_fidelity,delivery-eta,baseline_plr,0,RMSE,rmse,lower,0.5553348954063525,-0.5553348954063525,0.550360417400049,greedy-heads,exp/integrated/baseline_fidelity/delivery-eta/baseline_plr-evaluation/0.toml,exp/integrated/baseline_fidelity/delivery-eta/baseline_plr-greedy-heads-evaluation/0,False,2184
smoke,sberbank-housing,baseline_plr,0,RMSE,rmse,lower,0.23452539387100468,-0.23452539387100468,0.23846659721529556,mean,exp/integrated/smoke/sberbank-housing/baseline_plr-evaluation/0.toml,exp/integrated/smoke/sberbank-housing/baseline_plr-evaluation/0,False,814
smoke,sberbank-housing,rla_only,0,RMSE,rmse,lower,0.2354418316334552,-0.2354418316334552,0.23162903716515967,mean,exp/integrated/smoke/sberbank-housing/rla_only-evaluation/0.toml,exp/integrated/smoke/sberbank-housing/rla_only-evaluation/0,False,666
smoke,sberbank-housing,esam_only,0,RMSE,rmse,lower,0.23533073111501152,-0.23533073111501152,0.24162357572341994,mean,exp/integrated/smoke/sberbank-housing/esam_only-evaluation/0.toml,exp/integrated/smoke/sberbank-housing/esam_only-evaluation/0,False,888
smoke,sberbank-housing,mfb_only,0,RMSE,rmse,lower,0.23520949733542967,-0.23520949733542967,0.23880983570262945,mean,exp/integrated/smoke/sberbank-housing/mfb_only-evaluation/0.toml,exp/integrated/smoke/sberbank-housing/mfb_only-evaluation/0,False,1184
smoke,sberbank-housing,cf_fisd_only,0,RMSE,rmse,lower,0.23523413233394516,-0.23523413233394516,0.235149605552611,mean,exp/integrated/smoke/sberbank-housing/cf_fisd_only-evaluation/0.toml,exp/integrated/smoke/sberbank-housing/cf_fisd_only-evaluation/0,False,666
smoke,sberbank-housing,all_four_combined,0,RMSE,rmse,lower,0.2348792849855834,-0.2348792849855834,0.2326272249658597,mean,exp/integrated/smoke/sberbank-housing/all_four_combined-evaluation/0.toml,exp/integrated/smoke/sberbank-housing/all_four_combined-evaluation/0,False,666
smoke,sberbank-housing,baseline_plr,0,RMSE,rmse,lower,0.23955454428788905,-0.23955454428788905,0.26588264760298186,best-head,exp/integrated/smoke/sberbank-housing/baseline_plr-evaluation/0.toml,exp/integrated/smoke/sberbank-housing/baseline_plr-best-head-evaluation/0,False,814
smoke,sberbank-housing,baseline_plr,0,RMSE,rmse,lower,0.23257941028161666,-0.23257941028161666,0.23549883338311248,greedy-heads,exp/integrated/smoke/sberbank-housing/baseline_plr-evaluation/0.toml,exp/integrated/smoke/sberbank-housing/baseline_plr-greedy-heads-evaluation/0,False,814
smoke,sberbank-housing,cf_fisd_only,0,RMSE,rmse,lower,0.2388197411165918,-0.2388197411165918,0.2462523116085554,best-head,exp/integrated/smoke/sberbank-housing/cf_fisd_only-evaluation/0.toml,exp/integrated/smoke/sberbank-housing/cf_fisd_only-best-head-evaluation/0,False,666
smoke,sberbank-housing,cf_fisd_only,0,RMSE,rmse,lower,0.23327114512588593,-0.23327114512588593,0.23367141178994547,greedy-heads,exp/integrated/smoke/sberbank-housing/cf_fisd_only-evaluation/0.toml,exp/integrated/smoke/sberbank-housing/cf_fisd_only-greedy-heads-evaluation/0,False,666
smoke,sberbank-housing,mfb_only,0,RMSE,rmse,lower,0.24356476580119216,-0.24356476580119216,0.2459548830871388,best-head,exp/integrated/smoke/sberbank-housing/mfb_only-evaluation/0.toml,exp/integrated/smoke/sberbank-housing/mfb_only-best-head-evaluation/0,False,1184
smoke,sberbank-housing,mfb_only,0,RMSE,rmse,lower,0.233840053737128,-0.233840053737128,0.23548819505307594,greedy-heads,exp/integrated/smoke/sberbank-housing/mfb_only-evaluation/0.toml,exp/integrated/smoke/sberbank-housing/mfb_only-greedy-heads-evaluation/0,False,1184
smoke,sberbank-housing,esam_only,0,RMSE,rmse,lower,0.2398028724080995,-0.2398028724080995,0.23711371881317633,best-head,exp/integrated/smoke/sberbank-housing/esam_only-evaluation/0.toml,exp/integrated/smoke/sberbank-housing/esam_only-best-head-evaluation/0,False,888
smoke,sberbank-housing,esam_only,0,RMSE,rmse,lower,0.23380275644783471,-0.23380275644783471,0.24257603366460162,greedy-heads,exp/integrated/smoke/sberbank-housing/esam_only-evaluation/0.toml,exp/integrated/smoke/sberbank-housing/esam_only-greedy-heads-evaluation/0,False,888
smoke,sberbank-housing,rla_only,0,RMSE,rmse,lower,0.23765212789668771,-0.23765212789668771,0.24778267915496135,best-head,exp/integrated/smoke/sberbank-housing/rla_only-evaluation/0.toml,exp/integrated/smoke/sberbank-housing/rla_only-best-head-evaluation/0,False,666
smoke,sberbank-housing,rla_only,0,RMSE,rmse,lower,0.2336025622310011,-0.2336025622310011,0.23389241285301454,greedy-heads,exp/integrated/smoke/sberbank-housing/rla_only-evaluation/0.toml,exp/integrated/smoke/sberbank-housing/rla_only-greedy-heads-evaluation/0,False,666
smoke,sberbank-housing,all_four_combined,0,RMSE,rmse,lower,0.2376718937442043,-0.2376718937442043,0.2539783962159738,best-head,exp/integrated/smoke/sberbank-housing/all_four_combined-evaluation/0.toml,exp/integrated/smoke/sberbank-housing/all_four_combined-best-head-evaluation/0,False,666
smoke,sberbank-housing,all_four_combined,0,RMSE,rmse,lower,0.23335850745168515,-0.23335850745168515,0.23263890687901315,greedy-heads,exp/integrated/smoke/sberbank-housing/all_four_combined-evaluation/0.toml,exp/integrated/smoke/sberbank-housing/all_four_combined-greedy-heads-evaluation/0,False,666
smoke,ecom-offers,baseline_plr,0,AUROC,roc-auc,higher,0.6227054517511603,0.6227054517511603,0.591151981311678,mean,exp/integrated/smoke/ecom-offers/baseline_plr-evaluation/0.toml,exp/integrated/smoke/ecom-offers/baseline_plr-evaluation/0,False,321
smoke,ecom-offers,rla_only,0,AUROC,roc-auc,higher,0.6226365549199251,0.6226365549199251,0.5911320299643263,mean,exp/integrated/smoke/ecom-offers/rla_only-evaluation/0.toml,exp/integrated/smoke/ecom-offers/rla_only-evaluation/0,False,214
smoke,ecom-offers,esam_only,0,AUROC,roc-auc,higher,0.6227207494642631,0.6227207494642631,0.5911612394559284,mean,exp/integrated/smoke/ecom-offers/esam_only-evaluation/0.toml,exp/integrated/smoke/ecom-offers/esam_only-evaluation/0,False,321
smoke,ecom-offers,mfb_only,0,AUROC,roc-auc,higher,0.6250090898119413,0.6250090898119413,0.5927112610884333,mean,exp/integrated/smoke/ecom-offers/mfb_only-evaluation/0.toml,exp/integrated/smoke/ecom-offers/mfb_only-evaluation/0,False,321
smoke,ecom-offers,cf_fisd_only,0,AUROC,roc-auc,higher,0.6228570653182646,0.6228570653182646,0.5912083608375949,mean,exp/integrated/smoke/ecom-offers/cf_fisd_only-evaluation/0.toml,exp/integrated/smoke/ecom-offers/cf_fisd_only-evaluation/0,False,321
smoke,ecom-offers,all_four_combined,0,AUROC,roc-auc,higher,0.6244437709503304,0.6244437709503304,0.592244305956134,mean,exp/integrated/smoke/ecom-offers/all_four_combined-evaluation/0.toml,exp/integrated/smoke/ecom-offers/all_four_combined-evaluation/0,False,321
smoke,ecom-offers,baseline_plr,0,AUROC,roc-auc,higher,0.6404461738890127,0.6404461738890127,0.6034781946000056,best-head,exp/integrated/smoke/ecom-offers/baseline_plr-evaluation/0.toml,exp/integrated/smoke/ecom-offers/baseline_plr-best-head-evaluation/0,False,321
smoke,ecom-offers,mfb_only,0,AUROC,roc-auc,higher,0.6501781765294031,0.6501781765294031,0.6048261425892079,best-head,exp/integrated/smoke/ecom-offers/mfb_only-evaluation/0.toml,exp/integrated/smoke/ecom-offers/mfb_only-best-head-evaluation/0,False,321
smoke,ecom-offers,cf_fisd_only,0,AUROC,roc-auc,higher,0.640920668337369,0.640920668337369,0.6022998594088651,best-head,exp/integrated/smoke/ecom-offers/cf_fisd_only-evaluation/0.toml,exp/integrated/smoke/ecom-offers/cf_fisd_only-best-head-evaluation/0,False,321
smoke,ecom-offers,mfb_only,0,AUROC,roc-auc,higher,0.6506721330887921,0.6506721330887921,0.6064667434006787,greedy-heads,exp/integrated/smoke/ecom-offers/mfb_only-evaluation/0.toml,exp/integrated/smoke/ecom-offers/mfb_only-greedy-heads-evaluation/0,False,321
smoke,ecom-offers,cf_fisd_only,0,AUROC,roc-auc,higher,0.6418041361448852,0.6418041361448852,0.6039617691395597,greedy-heads,exp/integrated/smoke/ecom-offers/cf_fisd_only-evaluation/0.toml,exp/integrated/smoke/ecom-offers/cf_fisd_only-greedy-heads-evaluation/0,False,321
smoke,ecom-offers,esam_only,0,AUROC,roc-auc,higher,0.6406711951042247,0.6406711951042247,0.6023965414622969,best-head,exp/integrated/smoke/ecom-offers/esam_only-evaluation/0.toml,exp/integrated/smoke/ecom-offers/esam_only-best-head-evaluation/0,False,321
smoke,ecom-offers,esam_only,0,AUROC,roc-auc,higher,0.6415752785241469,0.6415752785241469,0.6040898334194843,greedy-heads,exp/integrated/smoke/ecom-offers/esam_only-evaluation/0.toml,exp/integrated/smoke/ecom-offers/esam_only-greedy-heads-evaluation/0,False,321
smoke,ecom-offers,baseline_plr,0,AUROC,roc-auc,higher,0.6413971749638401,0.6413971749638401,0.6040305589800323,greedy-heads,exp/integrated/smoke/ecom-offers/baseline_plr-evaluation/0.toml,exp/integrated/smoke/ecom-offers/baseline_plr-greedy-heads-evaluation/0,False,321
smoke,ecom-offers,rla_only,0,AUROC,roc-auc,higher,0.6394530055211662,0.6394530055211662,0.6014026252811646,best-head,exp/integrated/smoke/ecom-offers/rla_only-evaluation/0.toml,exp/integrated/smoke/ecom-offers/rla_only-best-head-evaluation/0,False,214
smoke,ecom-offers,rla_only,0,AUROC,roc-auc,higher,0.6394530055211662,0.6394530055211662,0.6014026252811646,greedy-heads,exp/integrated/smoke/ecom-offers/rla_only-evaluation/0.toml,exp/integrated/smoke/ecom-offers/rla_only-greedy-heads-evaluation/0,False,214
smoke,ecom-offers,all_four_combined,0,AUROC,roc-auc,higher,0.6479868261151002,0.6479868261151002,0.6047175337399694,best-head,exp/integrated/smoke/ecom-offers/all_four_combined-evaluation/0.toml,exp/integrated/smoke/ecom-offers/all_four_combined-best-head-evaluation/0,False,321
smoke,ecom-offers,all_four_combined,0,AUROC,roc-auc,higher,0.6505096994576862,0.6505096994576862,0.6063775930816054,greedy-heads,exp/integrated/smoke/ecom-offers/all_four_combined-evaluation/0.toml,exp/integrated/smoke/ecom-offers/all_four_combined-greedy-heads-evaluation/0,False,321
smoke,homesite-insurance,baseline_plr,0,AUROC,roc-auc,higher,0.9583121450834431,0.9583121450834431,0.9626260391126089,mean,exp/integrated/smoke/homesite-insurance/baseline_plr-evaluation/0.toml,exp/integrated/smoke/homesite-insurance/baseline_plr-evaluation/0,False,1980
smoke,homesite-insurance,rla_only,0,AUROC,roc-auc,higher,0.9583231528038466,0.9583231528038466,0.96242593886798,mean,exp/integrated/smoke/homesite-insurance/rla_only-evaluation/0.toml,exp/integrated/smoke/homesite-insurance/rla_only-evaluation/0,False,1980
smoke,homesite-insurance,esam_only,0,AUROC,roc-auc,higher,0.9583120395781356,0.9583120395781356,0.9627483366901237,mean,exp/integrated/smoke/homesite-insurance/esam_only-evaluation/0.toml,exp/integrated/smoke/homesite-insurance/esam_only-evaluation/0,False,1980
smoke,homesite-insurance,mfb_only,0,AUROC,roc-auc,higher,0.9580942942079151,0.9580942942079151,0.9616652728230258,mean,exp/integrated/smoke/homesite-insurance/mfb_only-evaluation/0.toml,exp/integrated/smoke/homesite-insurance/mfb_only-evaluation/0,False,1980
smoke,homesite-insurance,cf_fisd_only,0,AUROC,roc-auc,higher,0.9589599740471012,0.9589599740471012,0.9628908822909436,mean,exp/integrated/smoke/homesite-insurance/cf_fisd_only-evaluation/0.toml,exp/integrated/smoke/homesite-insurance/cf_fisd_only-evaluation/0,False,2420
smoke,homesite-insurance,all_four_combined,0,AUROC,roc-auc,higher,0.958474253988237,0.958474253988237,0.962487069534998,mean,exp/integrated/smoke/homesite-insurance/all_four_combined-evaluation/0.toml,exp/integrated/smoke/homesite-insurance/all_four_combined-evaluation/0,False,1760
smoke,homesite-insurance,baseline_plr,0,AUROC,roc-auc,higher,0.9554763470552776,0.9554763470552776,0.959416932798502,best-head,exp/integrated/smoke/homesite-insurance/baseline_plr-evaluation/0.toml,exp/integrated/smoke/homesite-insurance/baseline_plr-best-head-evaluation/0,False,1980
smoke,homesite-insurance,baseline_plr,0,AUROC,roc-auc,higher,0.9589474980445032,0.9589474980445032,0.9625170670540112,greedy-heads,exp/integrated/smoke/homesite-insurance/baseline_plr-evaluation/0.toml,exp/integrated/smoke/homesite-insurance/baseline_plr-greedy-heads-evaluation/0,False,1980
smoke,homesite-insurance,mfb_only,0,AUROC,roc-auc,higher,0.9560981250001208,0.9560981250001208,0.9601610718172741,best-head,exp/integrated/smoke/homesite-insurance/mfb_only-evaluation/0.toml,exp/integrated/smoke/homesite-insurance/mfb_only-best-head-evaluation/0,False,1980
smoke,homesite-insurance,mfb_only,0,AUROC,roc-auc,higher,0.9587921238951639,0.9587921238951639,0.9622146031450255,greedy-heads,exp/integrated/smoke/homesite-insurance/mfb_only-evaluation/0.toml,exp/integrated/smoke/homesite-insurance/mfb_only-greedy-heads-evaluation/0,False,1980
smoke,homesite-insurance,cf_fisd_only,0,AUROC,roc-auc,higher,0.957813544584969,0.957813544584969,0.961490313471295,best-head,exp/integrated/smoke/homesite-insurance/cf_fisd_only-evaluation/0.toml,exp/integrated/smoke/homesite-insurance/cf_fisd_only-best-head-evaluation/0,False,2420
smoke,homesite-insurance,cf_fisd_only,0,AUROC,roc-auc,higher,0.9594844321379927,0.9594844321379927,0.9634382071404677,greedy-heads,exp/integrated/smoke/homesite-insurance/cf_fisd_only-evaluation/0.toml,exp/integrated/smoke/homesite-insurance/cf_fisd_only-greedy-heads-evaluation/0,False,2420
smoke,homesite-insurance,esam_only,0,AUROC,roc-auc,higher,0.9561512908829329,0.9561512908829329,0.9606910602029306,best-head,exp/integrated/smoke/homesite-insurance/esam_only-evaluation/0.toml,exp/integrated/smoke/homesite-insurance/esam_only-best-head-evaluation/0,False,1980
smoke,homesite-insurance,esam_only,0,AUROC,roc-auc,higher,0.958991133281215,0.958991133281215,0.9627938464179217,greedy-heads,exp/integrated/smoke/homesite-insurance/esam_only-evaluation/0.toml,exp/integrated/smoke/homesite-insurance/esam_only-greedy-heads-evaluation/0,False,1980
smoke,homesite-insurance,rla_only,0,AUROC,roc-auc,higher,0.9557610707114682,0.9557610707114682,0.9604946447119459,best-head,exp/integrated/smoke/homesite-insurance/rla_only-evaluation/0.toml,exp/integrated/smoke/homesite-insurance/rla_only-best-head-evaluation/0,False,1980
smoke,homesite-insurance,rla_only,0,AUROC,roc-auc,higher,0.959029757015826,0.959029757015826,0.9624579176971494,greedy-heads,exp/integrated/smoke/homesite-insurance/rla_only-evaluation/0.toml,exp/integrated/smoke/homesite-insurance/rla_only-greedy-heads-evaluation/0,False,1980
smoke,homesite-insurance,all_four_combined,0,AUROC,roc-auc,higher,0.9569685349939213,0.9569685349939213,0.9582203301945192,best-head,exp/integrated/smoke/homesite-insurance/all_four_combined-evaluation/0.toml,exp/integrated/smoke/homesite-insurance/all_four_combined-best-head-evaluation/0,False,1760
smoke,homesite-insurance,all_four_combined,0,AUROC,roc-auc,higher,0.9592737644154757,0.9592737644154757,0.9627526496640615,greedy-heads,exp/integrated/smoke/homesite-insurance/all_four_combined-evaluation/0.toml,exp/integrated/smoke/homesite-insurance/all_four_combined-greedy-heads-evaluation/0,False,1760
smoke,cooking-time,baseline_plr,0,RMSE,rmse,lower,0.4627596029926704,-0.4627596029926704,0.4802386655626689,mean,exp/integrated/smoke/cooking-time/baseline_plr-evaluation/0.toml,exp/integrated/smoke/cooking-time/baseline_plr-evaluation/0,False,23088
smoke,cooking-time,rla_only,0,RMSE,rmse,lower,0.4627297681263241,-0.4627297681263241,0.48025858554781287,mean,exp/integrated/smoke/cooking-time/rla_only-evaluation/0.toml,exp/integrated/smoke/cooking-time/rla_only-evaluation/0,False,23088
smoke,cooking-time,esam_only,0,RMSE,rmse,lower,0.4628077726618535,-0.4628077726618535,0.48022789849772834,mean,exp/integrated/smoke/cooking-time/esam_only-evaluation/0.toml,exp/integrated/smoke/cooking-time/esam_only-evaluation/0,False,23088
smoke,cooking-time,mfb_only,0,RMSE,rmse,lower,0.46290981075910853,-0.46290981075910853,0.480415480847424,mean,exp/integrated/smoke/cooking-time/mfb_only-evaluation/0.toml,exp/integrated/smoke/cooking-time/mfb_only-evaluation/0,False,23088
smoke,cooking-time,cf_fisd_only,0,RMSE,rmse,lower,0.4632809116304394,-0.4632809116304394,0.48091704691326154,mean,exp/integrated/smoke/cooking-time/cf_fisd_only-evaluation/0.toml,exp/integrated/smoke/cooking-time/cf_fisd_only-evaluation/0,False,17982
smoke,cooking-time,all_four_combined,0,RMSE,rmse,lower,0.463355012524859,-0.463355012524859,0.4809202538385541,mean,exp/integrated/smoke/cooking-time/all_four_combined-evaluation/0.toml,exp/integrated/smoke/cooking-time/all_four_combined-evaluation/0,False,17982
smoke,cooking-time,baseline_plr,0,RMSE,rmse,lower,0.4652274815891859,-0.4652274815891859,0.4820660657381116,best-head,exp/integrated/smoke/cooking-time/baseline_plr-evaluation/0.toml,exp/integrated/smoke/cooking-time/baseline_plr-best-head-evaluation/0,False,23088
smoke,cooking-time,baseline_plr,0,RMSE,rmse,lower,0.4625169879783321,-0.4625169879783321,0.47990786370986477,greedy-heads,exp/integrated/smoke/cooking-time/baseline_plr-evaluation/0.toml,exp/integrated/smoke/cooking-time/baseline_plr-greedy-heads-evaluation/0,False,23088
smoke,cooking-time,cf_fisd_only,0,RMSE,rmse,lower,0.46397138529545745,-0.46397138529545745,0.4813020969034895,best-head,exp/integrated/smoke/cooking-time/cf_fisd_only-evaluation/0.toml,exp/integrated/smoke/cooking-time/cf_fisd_only-best-head-evaluation/0,False,17982
smoke,cooking-time,cf_fisd_only,0,RMSE,rmse,lower,0.4629530240908241,-0.4629530240908241,0.480628211999089,greedy-heads,exp/integrated/smoke/cooking-time/cf_fisd_only-evaluation/0.toml,exp/integrated/smoke/cooking-time/cf_fisd_only-greedy-heads-evaluation/0,False,17982
smoke,cooking-time,mfb_only,0,RMSE,rmse,lower,0.465403548325863,-0.465403548325863,0.48311284423774803,best-head,exp/integrated/smoke/cooking-time/mfb_only-evaluation/0.toml,exp/integrated/smoke/cooking-time/mfb_only-best-head-evaluation/0,False,23088
smoke,cooking-time,mfb_only,0,RMSE,rmse,lower,0.4625593198933149,-0.4625593198933149,0.479899744054174,greedy-heads,exp/integrated/smoke/cooking-time/mfb_only-evaluation/0.toml,exp/integrated/smoke/cooking-time/mfb_only-greedy-heads-evaluation/0,False,23088
smoke,cooking-time,esam_only,0,RMSE,rmse,lower,0.4651283707110853,-0.4651283707110853,0.4823068025931435,best-head,exp/integrated/smoke/cooking-time/esam_only-evaluation/0.toml,exp/integrated/smoke/cooking-time/esam_only-best-head-evaluation/0,False,23088
smoke,cooking-time,esam_only,0,RMSE,rmse,lower,0.4625398779765968,-0.4625398779765968,0.4797024392153251,greedy-heads,exp/integrated/smoke/cooking-time/esam_only-evaluation/0.toml,exp/integrated/smoke/cooking-time/esam_only-greedy-heads-evaluation/0,False,23088
smoke,cooking-time,rla_only,0,RMSE,rmse,lower,0.4651183431272534,-0.4651183431272534,0.48213882482447107,best-head,exp/integrated/smoke/cooking-time/rla_only-evaluation/0.toml,exp/integrated/smoke/cooking-time/rla_only-best-head-evaluation/0,False,23088
smoke,cooking-time,rla_only,0,RMSE,rmse,lower,0.4624375326912171,-0.4624375326912171,0.48004674599435365,greedy-heads,exp/integrated/smoke/cooking-time/rla_only-evaluation/0.toml,exp/integrated/smoke/cooking-time/rla_only-greedy-heads-evaluation/0,False,23088
smoke,cooking-time,all_four_combined,0,RMSE,rmse,lower,0.46391938568359065,-0.46391938568359065,0.48142889277254225,best-head,exp/integrated/smoke/cooking-time/all_four_combined-evaluation/0.toml,exp/integrated/smoke/cooking-time/all_four_combined-best-head-evaluation/0,False,17982
smoke,cooking-time,all_four_combined,0,RMSE,rmse,lower,0.4629352081332738,-0.4629352081332738,0.4802514336856013,greedy-heads,exp/integrated/smoke/cooking-time/all_four_combined-evaluation/0.toml,exp/integrated/smoke/cooking-time/all_four_combined-greedy-heads-evaluation/0,False,17982
smoke,delivery-eta,baseline_plr,0,RMSE,rmse,lower,0.5558749906446844,-0.5558749906446844,0.5496162918403876,mean,exp/integrated/smoke/delivery-eta/baseline_plr-evaluation/0.toml,exp/integrated/smoke/delivery-eta/baseline_plr-evaluation/0,False,2184
smoke,delivery-eta,rla_only,0,RMSE,rmse,lower,0.5556926485294449,-0.5556926485294449,0.5502675684403805,mean,exp/integrated/smoke/delivery-eta/rla_only-evaluation/0.toml,exp/integrated/smoke/delivery-eta/rla_only-evaluation/0,False,1365
smoke,delivery-eta,esam_only,0,RMSE,rmse,lower,0.5556360918188752,-0.5556360918188752,0.5494649592968895,mean,exp/integrated/smoke/delivery-eta/esam_only-evaluation/0.toml,exp/integrated/smoke/delivery-eta/esam_only-evaluation/0,False,2184
smoke,delivery-eta,mfb_only,0,RMSE,rmse,lower,0.5560026829864069,-0.5560026829864069,0.5501201530906976,mean,exp/integrated/smoke/delivery-eta/mfb_only-evaluation/0.toml,exp/integrated/smoke/delivery-eta/mfb_only-evaluation/0,False,2184
smoke,delivery-eta,cf_fisd_only,0,RMSE,rmse,lower,0.5562691235201772,-0.5562691235201772,0.5515996385557942,mean,exp/integrated/smoke/delivery-eta/cf_fisd_only-evaluation/0.toml,exp/integrated/smoke/delivery-eta/cf_fisd_only-evaluation/0,False,3003
smoke,delivery-eta,all_four_combined,0,RMSE,rmse,lower,0.5560789252392828,-0.5560789252392828,0.5493995976501785,mean,exp/integrated/smoke/delivery-eta/all_four_combined-evaluation/0.toml,exp/integrated/smoke/delivery-eta/all_four_combined-evaluation/0,False,1638
smoke,delivery-eta,baseline_plr,0,RMSE,rmse,lower,0.5583881453279098,-0.5583881453279098,0.5557654209580059,best-head,exp/integrated/smoke/delivery-eta/baseline_plr-evaluation/0.toml,exp/integrated/smoke/delivery-eta/baseline_plr-best-head-evaluation/0,False,2184
smoke,delivery-eta,baseline_plr,0,RMSE,rmse,lower,0.5553348954063525,-0.5553348954063525,0.550360417400049,greedy-heads,exp/integrated/smoke/delivery-eta/baseline_plr-evaluation/0.toml,exp/integrated/smoke/delivery-eta/baseline_plr-greedy-heads-evaluation/0,False,2184
smoke,delivery-eta,mfb_only,0,RMSE,rmse,lower,0.5590040394051904,-0.5590040394051904,0.5557457406296488,best-head,exp/integrated/smoke/delivery-eta/mfb_only-evaluation/0.toml,exp/integrated/smoke/delivery-eta/mfb_only-best-head-evaluation/0,False,2184
smoke,delivery-eta,mfb_only,0,RMSE,rmse,lower,0.5555016895512279,-0.5555016895512279,0.5503428181880856,greedy-heads,exp/integrated/smoke/delivery-eta/mfb_only-evaluation/0.toml,exp/integrated/smoke/delivery-eta/mfb_only-greedy-heads-evaluation/0,False,2184
smoke,delivery-eta,cf_fisd_only,0,RMSE,rmse,lower,0.5580564462352832,-0.5580564462352832,0.5528824139554394,best-head,exp/integrated/smoke/delivery-eta/cf_fisd_only-evaluation/0.toml,exp/integrated/smoke/delivery-eta/cf_fisd_only-best-head-evaluation/0,False,3003
smoke,delivery-eta,cf_fisd_only,0,RMSE,rmse,lower,0.5559326756199947,-0.5559326756199947,0.5522105562224877,greedy-heads,exp/integrated/smoke/delivery-eta/cf_fisd_only-evaluation/0.toml,exp/integrated/smoke/delivery-eta/cf_fisd_only-greedy-heads-evaluation/0,False,3003
smoke,delivery-eta,esam_only,0,RMSE,rmse,lower,0.5582863288518123,-0.5582863288518123,0.5560390501031047,best-head,exp/integrated/smoke/delivery-eta/esam_only-evaluation/0.toml,exp/integrated/smoke/delivery-eta/esam_only-best-head-evaluation/0,False,2184
smoke,delivery-eta,esam_only,0,RMSE,rmse,lower,0.5551513290724005,-0.5551513290724005,0.5507488105906536,greedy-heads,exp/integrated/smoke/delivery-eta/esam_only-evaluation/0.toml,exp/integrated/smoke/delivery-eta/esam_only-greedy-heads-evaluation/0,False,2184
smoke,delivery-eta,rla_only,0,RMSE,rmse,lower,0.5573103773832353,-0.5573103773832353,0.5532468973961396,best-head,exp/integrated/smoke/delivery-eta/rla_only-evaluation/0.toml,exp/integrated/smoke/delivery-eta/rla_only-best-head-evaluation/0,False,1365
smoke,delivery-eta,rla_only,0,RMSE,rmse,lower,0.5553051102575359,-0.5553051102575359,0.5508335169889497,greedy-heads,exp/integrated/smoke/delivery-eta/rla_only-evaluation/0.toml,exp/integrated/smoke/delivery-eta/rla_only-greedy-heads-evaluation/0,False,1365
smoke,delivery-eta,all_four_combined,0,RMSE,rmse,lower,0.557107642501001,-0.557107642501001,0.5520572896128711,best-head,exp/integrated/smoke/delivery-eta/all_four_combined-evaluation/0.toml,exp/integrated/smoke/delivery-eta/all_four_combined-best-head-evaluation/0,False,1638
smoke,delivery-eta,all_four_combined,0,RMSE,rmse,lower,0.5558210261849236,-0.5558210261849236,0.551614874495521,greedy-heads,exp/integrated/smoke/delivery-eta/all_four_combined-evaluation/0.toml,exp/integrated/smoke/delivery-eta/all_four_combined-greedy-heads-evaluation/0,False,1638
sweeps,sberbank-housing,rla_rank2_noise0.001,0,RMSE,rmse,lower,0.2354682854519358,-0.2354682854519358,0.24014251007009368,mean,exp/integrated/sweeps/sberbank-housing/rla_rank2_noise0.001-evaluation/0.toml,exp/integrated/sweeps/sberbank-housing/rla_rank2_noise0.001-evaluation/0,False,814
sweeps,sberbank-housing,rla_rank2_noise0.0001,0,RMSE,rmse,lower,0.23622468781228076,-0.23622468781228076,0.23935440604862293,mean,exp/integrated/sweeps/sberbank-housing/rla_rank2_noise0.0001-evaluation/0.toml,exp/integrated/sweeps/sberbank-housing/rla_rank2_noise0.0001-evaluation/0,False,962
sweeps,sberbank-housing,rla_rank2_noise1e-05,0,RMSE,rmse,lower,0.23574409357673579,-0.23574409357673579,0.2418545849757855,mean,exp/integrated/sweeps/sberbank-housing/rla_rank2_noise1e-05-evaluation/0.toml,exp/integrated/sweeps/sberbank-housing/rla_rank2_noise1e-05-evaluation/0,False,814
sweeps,sberbank-housing,rla_rank4_noise0.001,0,RMSE,rmse,lower,0.23544592963840097,-0.23544592963840097,0.23541433043431914,mean,exp/integrated/sweeps/sberbank-housing/rla_rank4_noise0.001-evaluation/0.toml,exp/integrated/sweeps/sberbank-housing/rla_rank4_noise0.001-evaluation/0,False,888
sweeps,sberbank-housing,rla_rank4_noise0.0001,0,RMSE,rmse,lower,0.2354418316334552,-0.2354418316334552,0.23162903716515967,mean,exp/integrated/sweeps/sberbank-housing/rla_rank4_noise0.0001-evaluation/0.toml,exp/integrated/sweeps/sberbank-housing/rla_rank4_noise0.0001-evaluation/0,False,666
sweeps,sberbank-housing,rla_rank4_noise1e-05,0,RMSE,rmse,lower,0.23604436658345962,-0.23604436658345962,0.2328903381745147,mean,exp/integrated/sweeps/sberbank-housing/rla_rank4_noise1e-05-evaluation/0.toml,exp/integrated/sweeps/sberbank-housing/rla_rank4_noise1e-05-evaluation/0,False,666
sweeps,sberbank-housing,rla_rank8_noise0.001,0,RMSE,rmse,lower,0.23625085686725053,-0.23625085686725053,0.2355661245169954,mean,exp/integrated/sweeps/sberbank-housing/rla_rank8_noise0.001-evaluation/0.toml,exp/integrated/sweeps/sberbank-housing/rla_rank8_noise0.001-evaluation/0,False,888
sweeps,sberbank-housing,rla_rank8_noise0.0001,0,RMSE,rmse,lower,0.23560034396487695,-0.23560034396487695,0.2314192197875428,mean,exp/integrated/sweeps/sberbank-housing/rla_rank8_noise0.0001-evaluation/0.toml,exp/integrated/sweeps/sberbank-housing/rla_rank8_noise0.0001-evaluation/0,False,666
sweeps,sberbank-housing,rla_rank8_noise1e-05,0,RMSE,rmse,lower,0.23553038961691936,-0.23553038961691936,0.2411268296110548,mean,exp/integrated/sweeps/sberbank-housing/rla_rank8_noise1e-05-evaluation/0.toml,exp/integrated/sweeps/sberbank-housing/rla_rank8_noise1e-05-evaluation/0,False,814
sweeps,sberbank-housing,esam_rho0.001,0,RMSE,rmse,lower,0.23467774706155475,-0.23467774706155475,0.23716614057842658,mean,exp/integrated/sweeps/sberbank-housing/esam_rho0.001-evaluation/0.toml,exp/integrated/sweeps/sberbank-housing/esam_rho0.001-evaluation/0,False,888
sweeps,sberbank-housing,esam_rho0.0025,0,RMSE,rmse,lower,0.23474623366768377,-0.23474623366768377,0.23936563514587833,mean,exp/integrated/sweeps/sberbank-housing/esam_rho0.0025-evaluation/0.toml,exp/integrated/sweeps/sberbank-housing/esam_rho0.0025-evaluation/0,False,814
sweeps,sberbank-housing,esam_rho0.005,0,RMSE,rmse,lower,0.23533073111501152,-0.23533073111501152,0.24162357572341994,mean,exp/integrated/sweeps/sberbank-housing/esam_rho0.005-evaluation/0.toml,exp/integrated/sweeps/sberbank-housing/esam_rho0.005-evaluation/0,False,888
sweeps,sberbank-housing,esam_rho0.01,0,RMSE,rmse,lower,0.2345959019738195,-0.2345959019738195,0.23852799100834732,mean,exp/integrated/sweeps/sberbank-housing/esam_rho0.01-evaluation/0.toml,exp/integrated/sweeps/sberbank-housing/esam_rho0.01-evaluation/0,False,814
sweeps,sberbank-housing,mfb_keep0.7,0,RMSE,rmse,lower,0.23535581244592554,-0.23535581244592554,0.23562693018337708,mean,exp/integrated/sweeps/sberbank-housing/mfb_keep0.7-evaluation/0.toml,exp/integrated/sweeps/sberbank-housing/mfb_keep0.7-evaluation/0,False,888
sweeps,sberbank-housing,mfb_keep0.8,0,RMSE,rmse,lower,0.2341279953511937,-0.2341279953511937,0.23402994505001048,mean,exp/integrated/sweeps/sberbank-housing/mfb_keep0.8-evaluation/0.toml,exp/integrated/sweeps/sberbank-housing/mfb_keep0.8-evaluation/0,False,888
sweeps,sberbank-housing,mfb_keep0.9,0,RMSE,rmse,lower,0.23520949733542967,-0.23520949733542967,0.23880983570262945,mean,exp/integrated/sweeps/sberbank-housing/mfb_keep0.9-evaluation/0.toml,exp/integrated/sweeps/sberbank-housing/mfb_keep0.9-evaluation/0,False,1184
sweeps,sberbank-housing,mfb_keep0.95,0,RMSE,rmse,lower,0.2352128391676174,-0.2352128391676174,0.23206813724553327,mean,exp/integrated/sweeps/sberbank-housing/mfb_keep0.95-evaluation/0.toml,exp/integrated/sweeps/sberbank-housing/mfb_keep0.95-evaluation/0,False,888
sweeps,sberbank-housing,cf_fisd_lambda0.05,0,RMSE,rmse,lower,0.2359593327633197,-0.2359593327633197,0.23536697907032925,mean,exp/integrated/sweeps/sberbank-housing/cf_fisd_lambda0.05-evaluation/0.toml,exp/integrated/sweeps/sberbank-housing/cf_fisd_lambda0.05-evaluation/0,False,666
sweeps,sberbank-housing,cf_fisd_lambda0.1,0,RMSE,rmse,lower,0.23523413233394516,-0.23523413233394516,0.235149605552611,mean,exp/integrated/sweeps/sberbank-housing/cf_fisd_lambda0.1-evaluation/0.toml,exp/integrated/sweeps/sberbank-housing/cf_fisd_lambda0.1-evaluation/0,False,666
sweeps,sberbank-housing,cf_fisd_lambda0.2,0,RMSE,rmse,lower,0.23533942163580152,-0.23533942163580152,0.24087782495581203,mean,exp/integrated/sweeps/sberbank-housing/cf_fisd_lambda0.2-evaluation/0.toml,exp/integrated/sweeps/sberbank-housing/cf_fisd_lambda0.2-evaluation/0,False,814
sweeps,sberbank-housing,rla_esam,0,RMSE,rmse,lower,0.23528677495791916,-0.23528677495791916,0.23252163677391782,mean,exp/integrated/sweeps/sberbank-housing/rla_esam-evaluation/0.toml,exp/integrated/sweeps/sberbank-housing/rla_esam-evaluation/0,False,666
sweeps,sberbank-housing,rla_mfb,0,RMSE,rmse,lower,0.23551030167646542,-0.23551030167646542,0.23422079576562096,mean,exp/integrated/sweeps/sberbank-housing/rla_mfb-evaluation/0.toml,exp/integrated/sweeps/sberbank-housing/rla_mfb-evaluation/0,False,888
sweeps,sberbank-housing,rla_cf_fisd,0,RMSE,rmse,lower,0.23507577716825093,-0.23507577716825093,0.2401363436403948,mean,exp/integrated/sweeps/sberbank-housing/rla_cf_fisd-evaluation/0.toml,exp/integrated/sweeps/sberbank-housing/rla_cf_fisd-evaluation/0,False,888
sweeps,sberbank-housing,esam_mfb,0,RMSE,rmse,lower,0.23493017564475285,-0.23493017564475285,0.23218164932047,mean,exp/integrated/sweeps/sberbank-housing/esam_mfb-evaluation/0.toml,exp/integrated/sweeps/sberbank-housing/esam_mfb-evaluation/0,False,888
sweeps,sberbank-housing,esam_cf_fisd,0,RMSE,rmse,lower,0.2345315410452097,-0.2345315410452097,0.249503671176673,mean,exp/integrated/sweeps/sberbank-housing/esam_cf_fisd-evaluation/0.toml,exp/integrated/sweeps/sberbank-housing/esam_cf_fisd-evaluation/0,False,1406
sweeps,sberbank-housing,mfb_cf_fisd,0,RMSE,rmse,lower,0.23508488120210985,-0.23508488120210985,0.23568789402876444,mean,exp/integrated/sweeps/sberbank-housing/mfb_cf_fisd-evaluation/0.toml,exp/integrated/sweeps/sberbank-housing/mfb_cf_fisd-evaluation/0,False,888
sweeps,sberbank-housing,all_four_combined,0,RMSE,rmse,lower,0.2348792849855834,-0.2348792849855834,0.2326272249658597,mean,exp/integrated/sweeps/sberbank-housing/all_four_combined-evaluation/0.toml,exp/integrated/sweeps/sberbank-housing/all_four_combined-evaluation/0,False,666
sweeps,sberbank-housing,all_minus_rla,0,RMSE,rmse,lower,0.23564260539703746,-0.23564260539703746,0.2337545527178023,mean,exp/integrated/sweeps/sberbank-housing/all_minus_rla-evaluation/0.toml,exp/integrated/sweeps/sberbank-housing/all_minus_rla-evaluation/0,False,666
sweeps,sberbank-housing,all_minus_esam,0,RMSE,rmse,lower,0.23494022877441162,-0.23494022877441162,0.2319230328213383,mean,exp/integrated/sweeps/sberbank-housing/all_minus_esam-evaluation/0.toml,exp/integrated/sweeps/sberbank-housing/all_minus_esam-evaluation/0,False,666
sweeps,sberbank-housing,all_minus_mfb,0,RMSE,rmse,lower,0.23539867958344296,-0.23539867958344296,0.2332565482846656,mean,exp/integrated/sweeps/sberbank-housing/all_minus_mfb-evaluation/0.toml,exp/integrated/sweeps/sberbank-housing/all_minus_mfb-evaluation/0,False,666
sweeps,sberbank-housing,all_minus_cf_fisd,0,RMSE,rmse,lower,0.23469635866718716,-0.23469635866718716,0.23237236681744675,mean,exp/integrated/sweeps/sberbank-housing/all_minus_cf_fisd-evaluation/0.toml,exp/integrated/sweeps/sberbank-housing/all_minus_cf_fisd-evaluation/0,False,666
sweeps,sberbank-housing,mfb_keep0.7,0,RMSE,rmse,lower,0.24062365494389312,-0.24062365494389312,0.24557535127152327,best-head,exp/integrated/sweeps/sberbank-housing/mfb_keep0.7-evaluation/0.toml,exp/integrated/sweeps/sberbank-housing/mfb_keep0.7-best-head-evaluation/0,False,888
sweeps,sberbank-housing,mfb_keep0.8,0,RMSE,rmse,lower,0.2380346366558266,-0.2380346366558266,0.2579307429494123,best-head,exp/integrated/sweeps/sberbank-housing/mfb_keep0.8-evaluation/0.toml,exp/integrated/sweeps/sberbank-housing/mfb_keep0.8-best-head-evaluation/0,False,888
sweeps,sberbank-housing,mfb_keep0.7,0,RMSE,rmse,lower,0.23323099362803706,-0.23323099362803706,0.2357129689640159,greedy-heads,exp/integrated/sweeps/sberbank-housing/mfb_keep0.7-evaluation/0.toml,exp/integrated/sweeps/sberbank-housing/mfb_keep0.7-greedy-heads-evaluation/0,False,888
sweeps,sberbank-housing,mfb_keep0.8,0,RMSE,rmse,lower,0.23237596587359466,-0.23237596587359466,0.23064696162155762,greedy-heads,exp/integrated/sweeps/sberbank-housing/mfb_keep0.8-evaluation/0.toml,exp/integrated/sweeps/sberbank-housing/mfb_keep0.8-greedy-heads-evaluation/0,False,888
sweeps,sberbank-housing,mfb_keep0.9,0,RMSE,rmse,lower,0.24356476580119216,-0.24356476580119216,0.2459548830871388,best-head,exp/integrated/sweeps/sberbank-housing/mfb_keep0.9-evaluation/0.toml,exp/integrated/sweeps/sberbank-housing/mfb_keep0.9-best-head-evaluation/0,False,1184
sweeps,sberbank-housing,mfb_keep0.9,0,RMSE,rmse,lower,0.233840053737128,-0.233840053737128,0.23548819505307594,greedy-heads,exp/integrated/sweeps/sberbank-housing/mfb_keep0.9-evaluation/0.toml,exp/integrated/sweeps/sberbank-housing/mfb_keep0.9-greedy-heads-evaluation/0,False,1184
sweeps,sberbank-housing,rla_rank2_noise1e-05,0,RMSE,rmse,lower,0.2389693720816827,-0.2389693720816827,0.24127702155259925,best-head,exp/integrated/sweeps/sberbank-housing/rla_rank2_noise1e-05-evaluation/0.toml,exp/integrated/sweeps/sberbank-housing/rla_rank2_noise1e-05-best-head-evaluation/0,False,814
sweeps,sberbank-housing,rla_rank2_noise1e-05,0,RMSE,rmse,lower,0.23334154528971895,-0.23334154528971895,0.23451478286562477,greedy-heads,exp/integrated/sweeps/sberbank-housing/rla_rank2_noise1e-05-evaluation/0.toml,exp/integrated/sweeps/sberbank-housing/rla_rank2_noise1e-05-greedy-heads-evaluation/0,False,814
sweeps,sberbank-housing,rla_rank2_noise0.001,0,RMSE,rmse,lower,0.2370483756746748,-0.2370483756746748,0.23920040609688478,best-head,exp/integrated/sweeps/sberbank-housing/rla_rank2_noise0.001-evaluation/0.toml,exp/integrated/sweeps/sberbank-housing/rla_rank2_noise0.001-best-head-evaluation/0,False,814
sweeps,sberbank-housing,rla_rank2_noise0.001,0,RMSE,rmse,lower,0.2328613038082034,-0.2328613038082034,0.23498425768312764,greedy-heads,exp/integrated/sweeps/sberbank-housing/rla_rank2_noise0.001-evaluation/0.toml,exp/integrated/sweeps/sberbank-housing/rla_rank2_noise0.001-greedy-heads-evaluation/0,False,814
sweeps,sberbank-housing,rla_rank2_noise0.0001,0,RMSE,rmse,lower,0.23946739670755524,-0.23946739670755524,0.25239608328273316,best-head,exp/integrated/sweeps/sberbank-housing/rla_rank2_noise0.0001-evaluation/0.toml,exp/integrated/sweeps/sberbank-housing/rla_rank2_noise0.0001-best-head-evaluation/0,False,962
sweeps,sberbank-housing,rla_rank2_noise0.0001,0,RMSE,rmse,lower,0.23332344829675253,-0.23332344829675253,0.24781019077451777,greedy-heads,exp/integrated/sweeps/sberbank-housing/rla_rank2_noise0.0001-evaluation/0.toml,exp/integrated/sweeps/sberbank-housing/rla_rank2_noise0.0001-greedy-heads-evaluation/0,False,962
sweeps,sberbank-housing,esam_rho0.01,0,RMSE,rmse,lower,0.23855772550880586,-0.23855772550880586,0.24435949051951408,best-head,exp/integrated/sweeps/sberbank-housing/esam_rho0.01-evaluation/0.toml,exp/integrated/sweeps/sberbank-housing/esam_rho0.01-best-head-evaluation/0,False,814
sweeps,sberbank-housing,esam_rho0.01,0,RMSE,rmse,lower,0.23321113093450146,-0.23321113093450146,0.23887208479744804,greedy-heads,exp/integrated/sweeps/sberbank-housing/esam_rho0.01-evaluation/0.toml,exp/integrated/sweeps/sberbank-housing/esam_rho0.01-greedy-heads-evaluation/0,False,814
sweeps,sberbank-housing,esam_rho0.0025,0,RMSE,rmse,lower,0.2377136850270048,-0.2377136850270048,0.262345673404661,best-head,exp/integrated/sweeps/sberbank-housing/esam_rho0.0025-evaluation/0.toml,exp/integrated/sweeps/sberbank-housing/esam_rho0.0025-best-head-evaluation/0,False,814
sweeps,sberbank-housing,esam_rho0.0025,0,RMSE,rmse,lower,0.23295802298295287,-0.23295802298295287,0.23903366020873654,greedy-heads,exp/integrated/sweeps/sberbank-housing/esam_rho0.0025-evaluation/0.toml,exp/integrated/sweeps/sberbank-housing/esam_rho0.0025-greedy-heads-evaluation/0,False,814
sweeps,sberbank-housing,esam_rho0.005,0,RMSE,rmse,lower,0.2398028724080995,-0.2398028724080995,0.23711371881317633,best-head,exp/integrated/sweeps/sberbank-housing/esam_rho0.005-evaluation/0.toml,exp/integrated/sweeps/sberbank-housing/esam_rho0.005-best-head-evaluation/0,False,888
sweeps,sberbank-housing,esam_rho0.001,0,RMSE,rmse,lower,0.23949031043262045,-0.23949031043262045,0.24155888192007524,best-head,exp/integrated/sweeps/sberbank-housing/esam_rho0.001-evaluation/0.toml,exp/integrated/sweeps/sberbank-housing/esam_rho0.001-best-head-evaluation/0,False,888
sweeps,sberbank-housing,esam_rho0.005,0,RMSE,rmse,lower,0.23380275644783471,-0.23380275644783471,0.24257603366460162,greedy-heads,exp/integrated/sweeps/sberbank-housing/esam_rho0.005-evaluation/0.toml,exp/integrated/sweeps/sberbank-housing/esam_rho0.005-greedy-heads-evaluation/0,False,888
sweeps,sberbank-housing,esam_rho0.001,0,RMSE,rmse,lower,0.23316146280351166,-0.23316146280351166,0.23452524296935331,greedy-heads,exp/integrated/sweeps/sberbank-housing/esam_rho0.001-evaluation/0.toml,exp/integrated/sweeps/sberbank-housing/esam_rho0.001-greedy-heads-evaluation/0,False,888
sweeps,sberbank-housing,rla_rank4_noise1e-05,0,RMSE,rmse,lower,0.23804322063719607,-0.23804322063719607,0.24414388272972984,best-head,exp/integrated/sweeps/sberbank-housing/rla_rank4_noise1e-05-evaluation/0.toml,exp/integrated/sweeps/sberbank-housing/rla_rank4_noise1e-05-best-head-evaluation/0,False,666
sweeps,sberbank-housing,rla_rank4_noise1e-05,0,RMSE,rmse,lower,0.2335869733918295,-0.2335869733918295,0.2353936312104005,greedy-heads,exp/integrated/sweeps/sberbank-housing/rla_rank4_noise1e-05-evaluation/0.toml,exp/integrated/sweeps/sberbank-housing/rla_rank4_noise1e-05-greedy-heads-evaluation/0,False,666
sweeps,sberbank-housing,rla_rank4_noise0.0001,0,RMSE,rmse,lower,0.23765212789668771,-0.23765212789668771,0.24778267915496135,best-head,exp/integrated/sweeps/sberbank-housing/rla_rank4_noise0.0001-evaluation/0.toml,exp/integrated/sweeps/sberbank-housing/rla_rank4_noise0.0001-best-head-evaluation/0,False,666
sweeps,sberbank-housing,rla_rank4_noise0.0001,0,RMSE,rmse,lower,0.2336025622310011,-0.2336025622310011,0.23389241285301454,greedy-heads,exp/integrated/sweeps/sberbank-housing/rla_rank4_noise0.0001-evaluation/0.toml,exp/integrated/sweeps/sberbank-housing/rla_rank4_noise0.0001-greedy-heads-evaluation/0,False,666
sweeps,sberbank-housing,rla_rank4_noise0.001,0,RMSE,rmse,lower,0.23958569850307038,-0.23958569850307038,0.2417253037065434,best-head,exp/integrated/sweeps/sberbank-housing/rla_rank4_noise0.001-evaluation/0.toml,exp/integrated/sweeps/sberbank-housing/rla_rank4_noise0.001-best-head-evaluation/0,False,888
sweeps,sberbank-housing,rla_rank4_noise0.001,0,RMSE,rmse,lower,0.23389653800469046,-0.23389653800469046,0.23994098363644276,greedy-heads,exp/integrated/sweeps/sberbank-housing/rla_rank4_noise0.001-evaluation/0.toml,exp/integrated/sweeps/sberbank-housing/rla_rank4_noise0.001-greedy-heads-evaluation/0,False,888
sweeps,sberbank-housing,mfb_keep0.95,0,RMSE,rmse,lower,0.23835928999137548,-0.23835928999137548,0.27696045729988356,best-head,exp/integrated/sweeps/sberbank-housing/mfb_keep0.95-evaluation/0.toml,exp/integrated/sweeps/sberbank-housing/mfb_keep0.95-best-head-evaluation/0,False,888
sweeps,sberbank-housing,mfb_keep0.95,0,RMSE,rmse,lower,0.23254505067097037,-0.23254505067097037,0.23506758402869707,greedy-heads,exp/integrated/sweeps/sberbank-housing/mfb_keep0.95-evaluation/0.toml,exp/integrated/sweeps/sberbank-housing/mfb_keep0.95-greedy-heads-evaluation/0,False,888
sweeps,sberbank-housing,cf_fisd_lambda0.05,0,RMSE,rmse,lower,0.2394238965987828,-0.2394238965987828,0.23525657161407812,best-head,exp/integrated/sweeps/sberbank-housing/cf_fisd_lambda0.05-evaluation/0.toml,exp/integrated/sweeps/sberbank-housing/cf_fisd_lambda0.05-best-head-evaluation/0,False,666
sweeps,sberbank-housing,cf_fisd_lambda0.05,0,RMSE,rmse,lower,0.23452905519184072,-0.23452905519184072,0.23270925018080982,greedy-heads,exp/integrated/sweeps/sberbank-housing/cf_fisd_lambda0.05-evaluation/0.toml,exp/integrated/sweeps/sberbank-housing/cf_fisd_lambda0.05-greedy-heads-evaluation/0,False,666
sweeps,sberbank-housing,cf_fisd_lambda0.1,0,RMSE,rmse,lower,0.2388197411165918,-0.2388197411165918,0.2462523116085554,best-head,exp/integrated/sweeps/sberbank-housing/cf_fisd_lambda0.1-evaluation/0.toml,exp/integrated/sweeps/sberbank-housing/cf_fisd_lambda0.1-best-head-evaluation/0,False,666
sweeps,sberbank-housing,cf_fisd_lambda0.1,0,RMSE,rmse,lower,0.23327114512588593,-0.23327114512588593,0.23367141178994547,greedy-heads,exp/integrated/sweeps/sberbank-housing/cf_fisd_lambda0.1-evaluation/0.toml,exp/integrated/sweeps/sberbank-housing/cf_fisd_lambda0.1-greedy-heads-evaluation/0,False,666
sweeps,sberbank-housing,cf_fisd_lambda0.2,0,RMSE,rmse,lower,0.23866861156973368,-0.23866861156973368,0.2497089599248454,best-head,exp/integrated/sweeps/sberbank-housing/cf_fisd_lambda0.2-evaluation/0.toml,exp/integrated/sweeps/sberbank-housing/cf_fisd_lambda0.2-best-head-evaluation/0,False,814
sweeps,sberbank-housing,cf_fisd_lambda0.2,0,RMSE,rmse,lower,0.23337569983908155,-0.23337569983908155,0.244512625524316,greedy-heads,exp/integrated/sweeps/sberbank-housing/cf_fisd_lambda0.2-evaluation/0.toml,exp/integrated/sweeps/sberbank-housing/cf_fisd_lambda0.2-greedy-heads-evaluation/0,False,814
sweeps,sberbank-housing,rla_rank8_noise0.0001,0,RMSE,rmse,lower,0.23612384794902308,-0.23612384794902308,0.25131993238610145,best-head,exp/integrated/sweeps/sberbank-housing/rla_rank8_noise0.0001-evaluation/0.toml,exp/integrated/sweeps/sberbank-housing/rla_rank8_noise0.0001-best-head-evaluation/0,False,666
sweeps,sberbank-housing,rla_rank8_noise0.0001,0,RMSE,rmse,lower,0.23331262295778735,-0.23331262295778735,0.2320760028721284,greedy-heads,exp/integrated/sweeps/sberbank-housing/rla_rank8_noise0.0001-evaluation/0.toml,exp/integrated/sweeps/sberbank-housing/rla_rank8_noise0.0001-greedy-heads-evaluation/0,False,666
sweeps,sberbank-housing,rla_rank8_noise1e-05,0,RMSE,rmse,lower,0.23899585630204528,-0.23899585630204528,0.25744912519923097,best-head,exp/integrated/sweeps/sberbank-housing/rla_rank8_noise1e-05-evaluation/0.toml,exp/integrated/sweeps/sberbank-housing/rla_rank8_noise1e-05-best-head-evaluation/0,False,814
sweeps,sberbank-housing,rla_rank8_noise1e-05,0,RMSE,rmse,lower,0.23346652550110514,-0.23346652550110514,0.24465339979644968,greedy-heads,exp/integrated/sweeps/sberbank-housing/rla_rank8_noise1e-05-evaluation/0.toml,exp/integrated/sweeps/sberbank-housing/rla_rank8_noise1e-05-greedy-heads-evaluation/0,False,814
sweeps,sberbank-housing,rla_rank8_noise0.001,0,RMSE,rmse,lower,0.239120553017687,-0.239120553017687,0.23826554512424344,best-head,exp/integrated/sweeps/sberbank-housing/rla_rank8_noise0.001-evaluation/0.toml,exp/integrated/sweeps/sberbank-housing/rla_rank8_noise0.001-best-head-evaluation/0,False,888
sweeps,sberbank-housing,rla_rank8_noise0.001,0,RMSE,rmse,lower,0.23353637226653048,-0.23353637226653048,0.23842460978700958,greedy-heads,exp/integrated/sweeps/sberbank-housing/rla_rank8_noise0.001-evaluation/0.toml,exp/integrated/sweeps/sberbank-housing/rla_rank8_noise0.001-greedy-heads-evaluation/0,False,888
sweeps,sberbank-housing,mfb_cf_fisd,0,RMSE,rmse,lower,0.23765498863853576,-0.23765498863853576,0.2536206620016002,best-head,exp/integrated/sweeps/sberbank-housing/mfb_cf_fisd-evaluation/0.toml,exp/integrated/sweeps/sberbank-housing/mfb_cf_fisd-best-head-evaluation/0,False,888
sweeps,sberbank-housing,mfb_cf_fisd,0,RMSE,rmse,lower,0.23320900639668657,-0.23320900639668657,0.23362227205150313,greedy-heads,exp/integrated/sweeps/sberbank-housing/mfb_cf_fisd-evaluation/0.toml,exp/integrated/sweeps/sberbank-housing/mfb_cf_fisd-greedy-heads-evaluation/0,False,888
sweeps,sberbank-housing,rla_mfb,0,RMSE,rmse,lower,0.2399809438744672,-0.2399809438744672,0.24194702392020134,best-head,exp/integrated/sweeps/sberbank-housing/rla_mfb-evaluation/0.toml,exp/integrated/sweeps/sberbank-housing/rla_mfb-best-head-evaluation/0,False,888
sweeps,sberbank-housing,rla_mfb,0,RMSE,rmse,lower,0.23358161473727912,-0.23358161473727912,0.2330478525093287,greedy-heads,exp/integrated/sweeps/sberbank-housing/rla_mfb-evaluation/0.toml,exp/integrated/sweeps/sberbank-housing/rla_mfb-greedy-heads-evaluation/0,False,888
sweeps,sberbank-housing,esam_mfb,0,RMSE,rmse,lower,0.23962393015909736,-0.23962393015909736,0.24513925399849143,best-head,exp/integrated/sweeps/sberbank-housing/esam_mfb-evaluation/0.toml,exp/integrated/sweeps/sberbank-housing/esam_mfb-best-head-evaluation/0,False,888
sweeps,sberbank-housing,esam_mfb,0,RMSE,rmse,lower,0.2336977870530739,-0.2336977870530739,0.23066386352840565,greedy-heads,exp/integrated/sweeps/sberbank-housing/esam_mfb-evaluation/0.toml,exp/integrated/sweeps/sberbank-housing/esam_mfb-greedy-heads-evaluation/0,False,888
sweeps,sberbank-housing,rla_cf_fisd,0,RMSE,rmse,lower,0.23788056532412807,-0.23788056532412807,0.24833117735063384,best-head,exp/integrated/sweeps/sberbank-housing/rla_cf_fisd-evaluation/0.toml,exp/integrated/sweeps/sberbank-housing/rla_cf_fisd-best-head-evaluation/0,False,888
sweeps,sberbank-housing,rla_cf_fisd,0,RMSE,rmse,lower,0.233603375533187,-0.233603375533187,0.23596160620261294,greedy-heads,exp/integrated/sweeps/sberbank-housing/rla_cf_fisd-evaluation/0.toml,exp/integrated/sweeps/sberbank-housing/rla_cf_fisd-greedy-heads-evaluation/0,False,888
sweeps,sberbank-housing,all_minus_rla,0,RMSE,rmse,lower,0.2383111872393019,-0.2383111872393019,0.2360172512727007,best-head,exp/integrated/sweeps/sberbank-housing/all_minus_rla-evaluation/0.toml,exp/integrated/sweeps/sberbank-housing/all_minus_rla-best-head-evaluation/0,False,666
sweeps,sberbank-housing,all_minus_rla,0,RMSE,rmse,lower,0.23419188657775022,-0.23419188657775022,0.23442550750747457,greedy-heads,exp/integrated/sweeps/sberbank-housing/all_minus_rla-evaluation/0.toml,exp/integrated/sweeps/sberbank-housing/all_minus_rla-greedy-heads-evaluation/0,False,666
sweeps,sberbank-housing,all_minus_esam,0,RMSE,rmse,lower,0.23762339316571812,-0.23762339316571812,0.2548487995005296,best-head,exp/integrated/sweeps/sberbank-housing/all_minus_esam-evaluation/0.toml,exp/integrated/sweeps/sberbank-housing/all_minus_esam-best-head-evaluation/0,False,666
sweeps,sberbank-housing,all_minus_esam,0,RMSE,rmse,lower,0.23366970594362974,-0.23366970594362974,0.23132655964186158,greedy-heads,exp/integrated/sweeps/sberbank-housing/all_minus_esam-evaluation/0.toml,exp/integrated/sweeps/sberbank-housing/all_minus_esam-greedy-heads-evaluation/0,False,666
sweeps,sberbank-housing,rla_esam,0,RMSE,rmse,lower,0.2398484083586863,-0.2398484083586863,0.2374880282622196,best-head,exp/integrated/sweeps/sberbank-housing/rla_esam-evaluation/0.toml,exp/integrated/sweeps/sberbank-housing/rla_esam-best-head-evaluation/0,False,666
sweeps,sberbank-housing,rla_esam,0,RMSE,rmse,lower,0.2336232925794531,-0.2336232925794531,0.233028022164673,greedy-heads,exp/integrated/sweeps/sberbank-housing/rla_esam-evaluation/0.toml,exp/integrated/sweeps/sberbank-housing/rla_esam-greedy-heads-evaluation/0,False,666
sweeps,sberbank-housing,esam_cf_fisd,0,RMSE,rmse,lower,0.2404271956933659,-0.2404271956933659,0.25751796428274565,best-head,exp/integrated/sweeps/sberbank-housing/esam_cf_fisd-evaluation/0.toml,exp/integrated/sweeps/sberbank-housing/esam_cf_fisd-best-head-evaluation/0,False,1406
sweeps,sberbank-housing,esam_cf_fisd,0,RMSE,rmse,lower,0.23329227219621285,-0.23329227219621285,0.23856120001818734,greedy-heads,exp/integrated/sweeps/sberbank-housing/esam_cf_fisd-evaluation/0.toml,exp/integrated/sweeps/sberbank-housing/esam_cf_fisd-greedy-heads-evaluation/0,False,1406
sweeps,sberbank-housing,all_four_combined,0,RMSE,rmse,lower,0.2376718937442043,-0.2376718937442043,0.2539783962159738,best-head,exp/integrated/sweeps/sberbank-housing/all_four_combined-evaluation/0.toml,exp/integrated/sweeps/sberbank-housing/all_four_combined-best-head-evaluation/0,False,666
sweeps,sberbank-housing,all_four_combined,0,RMSE,rmse,lower,0.23335850745168515,-0.23335850745168515,0.23263890687901315,greedy-heads,exp/integrated/sweeps/sberbank-housing/all_four_combined-evaluation/0.toml,exp/integrated/sweeps/sberbank-housing/all_four_combined-greedy-heads-evaluation/0,False,666
sweeps,sberbank-housing,all_minus_cf_fisd,0,RMSE,rmse,lower,0.23808479027162685,-0.23808479027162685,0.27950919024280946,best-head,exp/integrated/sweeps/sberbank-housing/all_minus_cf_fisd-evaluation/0.toml,exp/integrated/sweeps/sberbank-housing/all_minus_cf_fisd-best-head-evaluation/0,False,666
sweeps,sberbank-housing,all_minus_cf_fisd,0,RMSE,rmse,lower,0.23321538793887137,-0.23321538793887137,0.23519795893846665,greedy-heads,exp/integrated/sweeps/sberbank-housing/all_minus_cf_fisd-evaluation/0.toml,exp/integrated/sweeps/sberbank-housing/all_minus_cf_fisd-greedy-heads-evaluation/0,False,666
sweeps,sberbank-housing,all_minus_mfb,0,RMSE,rmse,lower,0.23769862439897374,-0.23769862439897374,0.24291600363173604,best-head,exp/integrated/sweeps/sberbank-housing/all_minus_mfb-evaluation/0.toml,exp/integrated/sweeps/sberbank-housing/all_minus_mfb-best-head-evaluation/0,False,666
sweeps,sberbank-housing,all_minus_mfb,0,RMSE,rmse,lower,0.23349088968550719,-0.23349088968550719,0.23959467004131907,greedy-heads,exp/integrated/sweeps/sberbank-housing/all_minus_mfb-evaluation/0.toml,exp/integrated/sweeps/sberbank-housing/all_minus_mfb-greedy-heads-evaluation/0,False,666
sweeps,ecom-offers,rla_rank2_noise0.001,0,AUROC,roc-auc,higher,0.6226233688882503,0.6226233688882503,0.5911217830862241,mean,exp/integrated/sweeps/ecom-offers/rla_rank2_noise0.001-evaluation/0.toml,exp/integrated/sweeps/ecom-offers/rla_rank2_noise0.001-evaluation/0,False,214
sweeps,ecom-offers,rla_rank2_noise0.0001,0,AUROC,roc-auc,higher,0.6227001707049361,0.6227001707049361,0.5911765632808944,mean,exp/integrated/sweeps/ecom-offers/rla_rank2_noise0.0001-evaluation/0.toml,exp/integrated/sweeps/ecom-offers/rla_rank2_noise0.0001-evaluation/0,False,214
sweeps,ecom-offers,rla_rank2_noise1e-05,0,AUROC,roc-auc,higher,0.6226529287429354,0.6226529287429354,0.5911485904814773,mean,exp/integrated/sweeps/ecom-offers/rla_rank2_noise1e-05-evaluation/0.toml,exp/integrated/sweeps/ecom-offers/rla_rank2_noise1e-05-evaluation/0,False,214
sweeps,ecom-offers,rla_rank4_noise0.001,0,AUROC,roc-auc,higher,0.622598916870318,0.622598916870318,0.5911027119909538,mean,exp/integrated/sweeps/ecom-offers/rla_rank4_noise0.001-evaluation/0.toml,exp/integrated/sweeps/ecom-offers/rla_rank4_noise0.001-evaluation/0,False,214
sweeps,ecom-offers,rla_rank4_noise0.0001,0,AUROC,roc-auc,higher,0.6226365549199251,0.6226365549199251,0.5911320299643263,mean,exp/integrated/sweeps/ecom-offers/rla_rank4_noise0.0001-evaluation/0.toml,exp/integrated/sweeps/ecom-offers/rla_rank4_noise0.0001-evaluation/0,False,214
sweeps,ecom-offers,rla_rank4_noise1e-05,0,AUROC,roc-auc,higher,0.6226645595746754,0.6226645595746754,0.5911489283247057,mean,exp/integrated/sweeps/ecom-offers/rla_rank4_noise1e-05-evaluation/0.toml,exp/integrated/sweeps/ecom-offers/rla_rank4_noise1e-05-evaluation/0,False,214
sweeps,ecom-offers,rla_rank8_noise0.001,0,AUROC,roc-auc,higher,0.6225384372823319,0.6225384372823319,0.591035974005685,mean,exp/integrated/sweeps/ecom-offers/rla_rank8_noise0.001-evaluation/0.toml,exp/integrated/sweeps/ecom-offers/rla_rank8_noise0.001-evaluation/0,False,214
sweeps,ecom-offers,rla_rank8_noise0.0001,0,AUROC,roc-auc,higher,0.6225693459597093,0.6225693459597093,0.5910522493707531,mean,exp/integrated/sweeps/ecom-offers/rla_rank8_noise0.0001-evaluation/0.toml,exp/integrated/sweeps/ecom-offers/rla_rank8_noise0.0001-evaluation/0,False,214
sweeps,ecom-offers,rla_rank8_noise1e-05,0,AUROC,roc-auc,higher,0.6226251931156621,0.6226251931156621,0.5910938288836818,mean,exp/integrated/sweeps/ecom-offers/rla_rank8_noise1e-05-evaluation/0.toml,exp/integrated/sweeps/ecom-offers/rla_rank8_noise1e-05-evaluation/0,False,214
sweeps,ecom-offers,esam_rho0.001,0,AUROC,roc-auc,higher,0.6227874903903754,0.6227874903903754,0.5911993816464689,mean,exp/integrated/sweeps/ecom-offers/esam_rho0.001-evaluation/0.toml,exp/integrated/sweeps/ecom-offers/esam_rho0.001-evaluation/0,False,321
sweeps,ecom-offers,esam_rho0.0025,0,AUROC,roc-auc,higher,0.6227333347907498,0.6227333347907498,0.5911601949314514,mean,exp/integrated/sweeps/ecom-offers/esam_rho0.0025-evaluation/0.toml,exp/integrated/sweeps/ecom-offers/esam_rho0.0025-evaluation/0,False,321
sweeps,ecom-offers,esam_rho0.005,0,AUROC,roc-auc,higher,0.6227207494642631,0.6227207494642631,0.5911612394559284,mean,exp/integrated/sweeps/ecom-offers/esam_rho0.005-evaluation/0.toml,exp/integrated/sweeps/ecom-offers/esam_rho0.005-evaluation/0,False,321
sweeps,ecom-offers,esam_rho0.01,0,AUROC,roc-auc,higher,0.6227573335158101,0.6227573335158101,0.5911827002496308,mean,exp/integrated/sweeps/ecom-offers/esam_rho0.01-evaluation/0.toml,exp/integrated/sweeps/ecom-offers/esam_rho0.01-evaluation/0,False,321
sweeps,ecom-offers,mfb_keep0.7,0,AUROC,roc-auc,higher,0.6291199291618959,0.6291199291618959,0.5961977102213372,mean,exp/integrated/sweeps/ecom-offers/mfb_keep0.7-evaluation/0.toml,exp/integrated/sweeps/ecom-offers/mfb_keep0.7-evaluation/0,False,428
sweeps,ecom-offers,mfb_keep0.8,0,AUROC,roc-auc,higher,0.6293880905914133,0.6293880905914133,0.5962685705138886,mean,exp/integrated/sweeps/ecom-offers/mfb_keep0.8-evaluation/0.toml,exp/integrated/sweeps/ecom-offers/mfb_keep0.8-evaluation/0,False,321
sweeps,ecom-offers,mfb_keep0.9,0,AUROC,roc-auc,higher,0.6250090898119413,0.6250090898119413,0.5927112610884333,mean,exp/integrated/sweeps/ecom-offers/mfb_keep0.9-evaluation/0.toml,exp/integrated/sweeps/ecom-offers/mfb_keep0.9-evaluation/0,False,321
sweeps,ecom-offers,mfb_keep0.95,0,AUROC,roc-auc,higher,0.6252559501617828,0.6252559501617828,0.5929062493223765,mean,exp/integrated/sweeps/ecom-offers/mfb_keep0.95-evaluation/0.toml,exp/integrated/sweeps/ecom-offers/mfb_keep0.95-evaluation/0,False,321
sweeps,ecom-offers,cf_fisd_lambda0.05,0,AUROC,roc-auc,higher,0.6228186386127663,0.6228186386127663,0.5911736900637132,mean,exp/integrated/sweeps/ecom-offers/cf_fisd_lambda0.05-evaluation/0.toml,exp/integrated/sweeps/ecom-offers/cf_fisd_lambda0.05-evaluation/0,False,321
sweeps,ecom-offers,cf_fisd_lambda0.1,0,AUROC,roc-auc,higher,0.6228570653182646,0.6228570653182646,0.5912083608375949,mean,exp/integrated/sweeps/ecom-offers/cf_fisd_lambda0.1-evaluation/0.toml,exp/integrated/sweeps/ecom-offers/cf_fisd_lambda0.1-evaluation/0,False,321
sweeps,ecom-offers,cf_fisd_lambda0.2,0,AUROC,roc-auc,higher,0.622913421046708,0.622913421046708,0.5913362546461658,mean,exp/integrated/sweeps/ecom-offers/cf_fisd_lambda0.2-evaluation/0.toml,exp/integrated/sweeps/ecom-offers/cf_fisd_lambda0.2-evaluation/0,False,214
sweeps,ecom-offers,rla_esam,0,AUROC,roc-auc,higher,0.6225317005394864,0.6225317005394864,0.5910259812848737,mean,exp/integrated/sweeps/ecom-offers/rla_esam-evaluation/0.toml,exp/integrated/sweeps/ecom-offers/rla_esam-evaluation/0,False,214
sweeps,ecom-offers,rla_mfb,0,AUROC,roc-auc,higher,0.6244884295114916,0.6244884295114916,0.5923593741199417,mean,exp/integrated/sweeps/ecom-offers/rla_mfb-evaluation/0.toml,exp/integrated/sweeps/ecom-offers/rla_mfb-evaluation/0,False,321
sweeps,ecom-offers,rla_cf_fisd,0,AUROC,roc-auc,higher,0.6227441474841354,0.6227441474841354,0.5911932818714825,mean,exp/integrated/sweeps/ecom-offers/rla_cf_fisd-evaluation/0.toml,exp/integrated/sweeps/ecom-offers/rla_cf_fisd-evaluation/0,False,214
sweeps,ecom-offers,esam_mfb,0,AUROC,roc-auc,higher,0.6249124647240485,0.6249124647240485,0.5926966501436739,mean,exp/integrated/sweeps/ecom-offers/esam_mfb-evaluation/0.toml,exp/integrated/sweeps/ecom-offers/esam_mfb-evaluation/0,False,321
sweeps,ecom-offers,esam_cf_fisd,0,AUROC,roc-auc,higher,0.6227702320934685,0.6227702320934685,0.5911624823470715,mean,exp/integrated/sweeps/ecom-offers/esam_cf_fisd-evaluation/0.toml,exp/integrated/sweeps/ecom-offers/esam_cf_fisd-evaluation/0,False,321
sweeps,ecom-offers,mfb_cf_fisd,0,AUROC,roc-auc,higher,0.6250550271749447,0.6250550271749447,0.592670158895295,mean,exp/integrated/sweeps/ecom-offers/mfb_cf_fisd-evaluation/0.toml,exp/integrated/sweeps/ecom-offers/mfb_cf_fisd-evaluation/0,False,321
sweeps,ecom-offers,all_four_combined,0,AUROC,roc-auc,higher,0.6244437709503304,0.6244437709503304,0.592244305956134,mean,exp/integrated/sweeps/ecom-offers/all_four_combined-evaluation/0.toml,exp/integrated/sweeps/ecom-offers/all_four_combined-evaluation/0,False,321
sweeps,ecom-offers,all_minus_rla,0,AUROC,roc-auc,higher,0.6249365260993432,0.6249365260993432,0.5925964470819166,mean,exp/integrated/sweeps/ecom-offers/all_minus_rla-evaluation/0.toml,exp/integrated/sweeps/ecom-offers/all_minus_rla-evaluation/0,False,321
sweeps,ecom-offers,all_minus_esam,0,AUROC,roc-auc,higher,0.6245232151327823,0.6245232151327823,0.5923207050179439,mean,exp/integrated/sweeps/ecom-offers/all_minus_esam-evaluation/0.toml,exp/integrated/sweeps/ecom-offers/all_minus_esam-evaluation/0,False,321
sweeps,ecom-offers,all_minus_mfb,0,AUROC,roc-auc,higher,0.6226455728683622,0.6226455728683622,0.5910976319446108,mean,exp/integrated/sweeps/ecom-offers/all_minus_mfb-evaluation/0.toml,exp/integrated/sweeps/ecom-offers/all_minus_mfb-evaluation/0,False,214
sweeps,ecom-offers,all_minus_cf_fisd,0,AUROC,roc-auc,higher,0.6244116424360375,0.6244116424360375,0.5923170352346188,mean,exp/integrated/sweeps/ecom-offers/all_minus_cf_fisd-evaluation/0.toml,exp/integrated/sweeps/ecom-offers/all_minus_cf_fisd-evaluation/0,False,321
sweeps,ecom-offers,rla_rank2_noise0.001,0,AUROC,roc-auc,higher,0.6395828610304147,0.6395828610304147,0.601475038412775,best-head,exp/integrated/sweeps/ecom-offers/rla_rank2_noise0.001-evaluation/0.toml,exp/integrated/sweeps/ecom-offers/rla_rank2_noise0.001-best-head-evaluation/0,False,214
sweeps,ecom-offers,rla_rank2_noise0.0001,0,AUROC,roc-auc,higher,0.6396541901648656,0.6396541901648656,0.6015418321886687,best-head,exp/integrated/sweeps/ecom-offers/rla_rank2_noise0.0001-evaluation/0.toml,exp/integrated/sweeps/ecom-offers/rla_rank2_noise0.0001-best-head-evaluation/0,False,214
sweeps,ecom-offers,rla_rank2_noise0.001,0,AUROC,roc-auc,higher,0.6395828610304147,0.6395828610304147,0.601475038412775,greedy-heads,exp/integrated/sweeps/ecom-offers/rla_rank2_noise0.001-evaluation/0.toml,exp/integrated/sweeps/ecom-offers/rla_rank2_noise0.001-greedy-heads-evaluation/0,False,214
sweeps,ecom-offers,rla_rank2_noise0.0001,0,AUROC,roc-auc,higher,0.6396541901648656,0.6396541901648656,0.6015418321886687,greedy-heads,exp/integrated/sweeps/ecom-offers/rla_rank2_noise0.0001-evaluation/0.toml,exp/integrated/sweeps/ecom-offers/rla_rank2_noise0.0001-greedy-heads-evaluation/0,False,214
sweeps,ecom-offers,rla_rank2_noise1e-05,0,AUROC,roc-auc,higher,0.6395464280764918,0.6395464280764918,0.6014523595237629,best-head,exp/integrated/sweeps/ecom-offers/rla_rank2_noise1e-05-evaluation/0.toml,exp/integrated/sweeps/ecom-offers/rla_rank2_noise1e-05-best-head-evaluation/0,False,214
sweeps,ecom-offers,rla_rank2_noise1e-05,0,AUROC,roc-auc,higher,0.6395464280764918,0.6395464280764918,0.6014523595237629,greedy-heads,exp/integrated/sweeps/ecom-offers/rla_rank2_noise1e-05-evaluation/0.toml,exp/integrated/sweeps/ecom-offers/rla_rank2_noise1e-05-greedy-heads-evaluation/0,False,214
sweeps,ecom-offers,rla_rank4_noise0.001,0,AUROC,roc-auc,higher,0.6394467257565004,0.6394467257565004,0.6014832923257777,best-head,exp/integrated/sweeps/ecom-offers/rla_rank4_noise0.001-evaluation/0.toml,exp/integrated/sweeps/ecom-offers/rla_rank4_noise0.001-best-head-evaluation/0,False,214
sweeps,ecom-offers,rla_rank4_noise0.0001,0,AUROC,roc-auc,higher,0.6394530055211662,0.6394530055211662,0.6014026252811646,best-head,exp/integrated/sweeps/ecom-offers/rla_rank4_noise0.0001-evaluation/0.toml,exp/integrated/sweeps/ecom-offers/rla_rank4_noise0.0001-best-head-evaluation/0,False,214
sweeps,ecom-offers,rla_rank4_noise0.001,0,AUROC,roc-auc,higher,0.6394467257565004,0.6394467257565004,0.6014832923257777,greedy-heads,exp/integrated/sweeps/ecom-offers/rla_rank4_noise0.001-evaluation/0.toml,exp/integrated/sweeps/ecom-offers/rla_rank4_noise0.001-greedy-heads-evaluation/0,False,214
sweeps,ecom-offers,rla_rank4_noise1e-05,0,AUROC,roc-auc,higher,0.6396100364908871,0.6396100364908871,0.6014864444960832,best-head,exp/integrated/sweeps/ecom-offers/rla_rank4_noise1e-05-evaluation/0.toml,exp/integrated/sweeps/ecom-offers/rla_rank4_noise1e-05-best-head-evaluation/0,False,214
sweeps,ecom-offers,rla_rank4_noise0.0001,0,AUROC,roc-auc,higher,0.6394530055211662,0.6394530055211662,0.6014026252811646,greedy-heads,exp/integrated/sweeps/ecom-offers/rla_rank4_noise0.0001-evaluation/0.toml,exp/integrated/sweeps/ecom-offers/rla_rank4_noise0.0001-greedy-heads-evaluation/0,False,214
sweeps,ecom-offers,rla_rank4_noise1e-05,0,AUROC,roc-auc,higher,0.6396100364908871,0.6396100364908871,0.6014864444960832,greedy-heads,exp/integrated/sweeps/ecom-offers/rla_rank4_noise1e-05-evaluation/0.toml,exp/integrated/sweeps/ecom-offers/rla_rank4_noise1e-05-greedy-heads-evaluation/0,False,214
sweeps,ecom-offers,mfb_keep0.7,0,AUROC,roc-auc,higher,0.6547032702847417,0.6547032702847417,0.6118564029158264,best-head,exp/integrated/sweeps/ecom-offers/mfb_keep0.7-evaluation/0.toml,exp/integrated/sweeps/ecom-offers/mfb_keep0.7-best-head-evaluation/0,False,428
sweeps,ecom-offers,mfb_keep0.7,0,AUROC,roc-auc,higher,0.6547032702847417,0.6547032702847417,0.6118564029158264,greedy-heads,exp/integrated/sweeps/ecom-offers/mfb_keep0.7-evaluation/0.toml,exp/integrated/sweeps/ecom-offers/mfb_keep0.7-greedy-heads-evaluation/0,False,428
sweeps,ecom-offers,mfb_keep0.8,0,AUROC,roc-auc,higher,0.652377048657135,0.652377048657135,0.6066780069996902,best-head,exp/integrated/sweeps/ecom-offers/mfb_keep0.8-evaluation/0.toml,exp/integrated/sweeps/ecom-offers/mfb_keep0.8-best-head-evaluation/0,False,321
sweeps,ecom-offers,esam_rho0.001,0,AUROC,roc-auc,higher,0.6410241296714208,0.6410241296714208,0.6024966050474919,best-head,exp/integrated/sweeps/ecom-offers/esam_rho0.001-evaluation/0.toml,exp/integrated/sweeps/ecom-offers/esam_rho0.001-best-head-evaluation/0,False,321
sweeps,ecom-offers,mfb_keep0.9,0,AUROC,roc-auc,higher,0.6501781765294031,0.6501781765294031,0.6048261425892079,best-head,exp/integrated/sweeps/ecom-offers/mfb_keep0.9-evaluation/0.toml,exp/integrated/sweeps/ecom-offers/mfb_keep0.9-best-head-evaluation/0,False,321
sweeps,ecom-offers,esam_rho0.0025,0,AUROC,roc-auc,higher,0.64045684285539,0.64045684285539,0.6022469172053364,best-head,exp/integrated/sweeps/ecom-offers/esam_rho0.0025-evaluation/0.toml,exp/integrated/sweeps/ecom-offers/esam_rho0.0025-best-head-evaluation/0,False,321
sweeps,ecom-offers,esam_rho0.005,0,AUROC,roc-auc,higher,0.6406711951042247,0.6406711951042247,0.6023965414622969,best-head,exp/integrated/sweeps/ecom-offers/esam_rho0.005-evaluation/0.toml,exp/integrated/sweeps/ecom-offers/esam_rho0.005-best-head-evaluation/0,False,321
sweeps,ecom-offers,mfb_keep0.8,0,AUROC,roc-auc,higher,0.6540790454616192,0.6540790454616192,0.6102977368359448,greedy-heads,exp/integrated/sweeps/ecom-offers/mfb_keep0.8-evaluation/0.toml,exp/integrated/sweeps/ecom-offers/mfb_keep0.8-greedy-heads-evaluation/0,False,321
sweeps,ecom-offers,esam_rho0.01,0,AUROC,roc-auc,higher,0.6407133660825518,0.6407133660825518,0.6023744607727624,best-head,exp/integrated/sweeps/ecom-offers/esam_rho0.01-evaluation/0.toml,exp/integrated/sweeps/ecom-offers/esam_rho0.01-best-head-evaluation/0,False,321
sweeps,ecom-offers,esam_rho0.001,0,AUROC,roc-auc,higher,0.641845068859757,0.641845068859757,0.6041622806453656,greedy-heads,exp/integrated/sweeps/ecom-offers/esam_rho0.001-evaluation/0.toml,exp/integrated/sweeps/ecom-offers/esam_rho0.001-greedy-heads-evaluation/0,False,321
sweeps,ecom-offers,mfb_keep0.9,0,AUROC,roc-auc,higher,0.6506721330887921,0.6506721330887921,0.6064667434006787,greedy-heads,exp/integrated/sweeps/ecom-offers/mfb_keep0.9-evaluation/0.toml,exp/integrated/sweeps/ecom-offers/mfb_keep0.9-greedy-heads-evaluation/0,False,321
sweeps,ecom-offers,esam_rho0.0025,0,AUROC,roc-auc,higher,0.641480466607742,0.641480466607742,0.6039784195416061,greedy-heads,exp/integrated/sweeps/ecom-offers/esam_rho0.0025-evaluation/0.toml,exp/integrated/sweeps/ecom-offers/esam_rho0.0025-greedy-heads-evaluation/0,False,321
sweeps,ecom-offers,esam_rho0.005,0,AUROC,roc-auc,higher,0.6415752785241469,0.6415752785241469,0.6040898334194843,greedy-heads,exp/integrated/sweeps/ecom-offers/esam_rho0.005-evaluation/0.toml,exp/integrated/sweeps/ecom-offers/esam_rho0.005-greedy-heads-evaluation/0,False,321
sweeps,ecom-offers,esam_rho0.01,0,AUROC,roc-auc,higher,0.6415860912175324,0.6415860912175324,0.6040412707800087,greedy-heads,exp/integrated/sweeps/ecom-offers/esam_rho0.01-evaluation/0.toml,exp/integrated/sweeps/ecom-offers/esam_rho0.01-greedy-heads-evaluation/0,False,321
sweeps,ecom-offers,mfb_keep0.95,0,AUROC,roc-auc,higher,0.6503189442353507,0.6503189442353507,0.6050413611236272,best-head,exp/integrated/sweeps/ecom-offers/mfb_keep0.95-evaluation/0.toml,exp/integrated/sweeps/ecom-offers/mfb_keep0.95-best-head-evaluation/0,False,321
sweeps,ecom-offers,rla_rank8_noise0.001,0,AUROC,roc-auc,higher,0.6392187010153481,0.6392187010153481,0.6012738729168664,best-head,exp/integrated/sweeps/ecom-offers/rla_rank8_noise0.001-evaluation/0.toml,exp/integrated/sweeps/ecom-offers/rla_rank8_noise0.001-best-head-evaluation/0,False,214
sweeps,ecom-offers,rla_rank8_noise0.0001,0,AUROC,roc-auc,higher,0.639398116545268,0.639398116545268,0.6013710911801927,best-head,exp/integrated/sweeps/ecom-offers/rla_rank8_noise0.0001-evaluation/0.toml,exp/integrated/sweeps/ecom-offers/rla_rank8_noise0.0001-best-head-evaluation/0,False,214
sweeps,ecom-offers,cf_fisd_lambda0.2,0,AUROC,roc-auc,higher,0.638077626500147,0.638077626500147,0.6005513130366958,best-head,exp/integrated/sweeps/ecom-offers/cf_fisd_lambda0.2-evaluation/0.toml,exp/integrated/sweeps/ecom-offers/cf_fisd_lambda0.2-best-head-evaluation/0,False,214
sweeps,ecom-offers,rla_rank8_noise0.001,0,AUROC,roc-auc,higher,0.6392187010153481,0.6392187010153481,0.6012738729168664,greedy-heads,exp/integrated/sweeps/ecom-offers/rla_rank8_noise0.001-evaluation/0.toml,exp/integrated/sweeps/ecom-offers/rla_rank8_noise0.001-greedy-heads-evaluation/0,False,214
sweeps,ecom-offers,cf_fisd_lambda0.05,0,AUROC,roc-auc,higher,0.6410202011331968,0.6410202011331968,0.6024701571918213,best-head,exp/integrated/sweeps/ecom-offers/cf_fisd_lambda0.05-evaluation/0.toml,exp/integrated/sweeps/ecom-offers/cf_fisd_lambda0.05-best-head-evaluation/0,False,321
sweeps,ecom-offers,rla_rank8_noise0.0001,0,AUROC,roc-auc,higher,0.639398116545268,0.639398116545268,0.6013710911801927,greedy-heads,exp/integrated/sweeps/ecom-offers/rla_rank8_noise0.0001-evaluation/0.toml,exp/integrated/sweeps/ecom-offers/rla_rank8_noise0.0001-greedy-heads-evaluation/0,False,214
sweeps,ecom-offers,cf_fisd_lambda0.1,0,AUROC,roc-auc,higher,0.640920668337369,0.640920668337369,0.6022998594088651,best-head,exp/integrated/sweeps/ecom-offers/cf_fisd_lambda0.1-evaluation/0.toml,exp/integrated/sweeps/ecom-offers/cf_fisd_lambda0.1-best-head-evaluation/0,False,321
sweeps,ecom-offers,mfb_keep0.95,0,AUROC,roc-auc,higher,0.6505655760961024,0.6505655760961024,0.6064442039882287,greedy-heads,exp/integrated/sweeps/ecom-offers/mfb_keep0.95-evaluation/0.toml,exp/integrated/sweeps/ecom-offers/mfb_keep0.95-greedy-heads-evaluation/0,False,321
sweeps,ecom-offers,cf_fisd_lambda0.05,0,AUROC,roc-auc,higher,0.6419149054445072,0.6419149054445072,0.6041224275423289,greedy-heads,exp/integrated/sweeps/ecom-offers/cf_fisd_lambda0.05-evaluation/0.toml,exp/integrated/sweeps/ecom-offers/cf_fisd_lambda0.05-greedy-heads-evaluation/0,False,321
sweeps,ecom-offers,cf_fisd_lambda0.1,0,AUROC,roc-auc,higher,0.6418041361448852,0.6418041361448852,0.6039617691395597,greedy-heads,exp/integrated/sweeps/ecom-offers/cf_fisd_lambda0.1-evaluation/0.toml,exp/integrated/sweeps/ecom-offers/cf_fisd_lambda0.1-greedy-heads-evaluation/0,False,321
sweeps,ecom-offers,rla_rank8_noise1e-05,0,AUROC,roc-auc,higher,0.6393903110631306,0.6393903110631306,0.6013715932958167,best-head,exp/integrated/sweeps/ecom-offers/rla_rank8_noise1e-05-evaluation/0.toml,exp/integrated/sweeps/ecom-offers/rla_rank8_noise1e-05-best-head-evaluation/0,False,214
sweeps,ecom-offers,cf_fisd_lambda0.2,0,AUROC,roc-auc,higher,0.6387008784019832,0.6387008784019832,0.6023730040175572,greedy-heads,exp/integrated/sweeps/ecom-offers/cf_fisd_lambda0.2-evaluation/0.toml,exp/integrated/sweeps/ecom-offers/cf_fisd_lambda0.2-greedy-heads-evaluation/0,False,214
sweeps,ecom-offers,rla_rank8_noise1e-05,0,AUROC,roc-auc,higher,0.6393903110631306,0.6393903110631306,0.6013715932958167,greedy-heads,exp/integrated/sweeps/ecom-offers/rla_rank8_noise1e-05-evaluation/0.toml,exp/integrated/sweeps/ecom-offers/rla_rank8_noise1e-05-greedy-heads-evaluation/0,False,214
sweeps,ecom-offers,mfb_cf_fisd,0,AUROC,roc-auc,higher,0.6477890245840551,0.6477890245840551,0.6045088303107439,best-head,exp/integrated/sweeps/ecom-offers/mfb_cf_fisd-evaluation/0.toml,exp/integrated/sweeps/ecom-offers/mfb_cf_fisd-best-head-evaluation/0,False,321
sweeps,ecom-offers,mfb_cf_fisd,0,AUROC,roc-auc,higher,0.6506783465179156,0.6506783465179156,0.6065618416202598,greedy-heads,exp/integrated/sweeps/ecom-offers/mfb_cf_fisd-evaluation/0.toml,exp/integrated/sweeps/ecom-offers/mfb_cf_fisd-greedy-heads-evaluation/0,False,321
sweeps,ecom-offers,esam_mfb,0,AUROC,roc-auc,higher,0.6500013075472437,0.6500013075472437,0.6046018053871005,best-head,exp/integrated/sweeps/ecom-offers/esam_mfb-evaluation/0.toml,exp/integrated/sweeps/ecom-offers/esam_mfb-best-head-evaluation/0,False,321
sweeps,ecom-offers,rla_mfb,0,AUROC,roc-auc,higher,0.6500073735640511,0.6500073735640511,0.6048362127969982,best-head,exp/integrated/sweeps/ecom-offers/rla_mfb-evaluation/0.toml,exp/integrated/sweeps/ecom-offers/rla_mfb-best-head-evaluation/0,False,321
sweeps,ecom-offers,rla_cf_fisd,0,AUROC,roc-auc,higher,0.6377017988002615,0.6377017988002615,0.6003639247256524,best-head,exp/integrated/sweeps/ecom-offers/rla_cf_fisd-evaluation/0.toml,exp/integrated/sweeps/ecom-offers/rla_cf_fisd-best-head-evaluation/0,False,214
sweeps,ecom-offers,esam_mfb,0,AUROC,roc-auc,higher,0.650368091501537,0.650368091501537,0.6061843343570334,greedy-heads,exp/integrated/sweeps/ecom-offers/esam_mfb-evaluation/0.toml,exp/integrated/sweeps/ecom-offers/esam_mfb-greedy-heads-evaluation/0,False,321
sweeps,ecom-offers,rla_mfb,0,AUROC,roc-auc,higher,0.6505360715210358,0.6505360715210358,0.6064993654188358,greedy-heads,exp/integrated/sweeps/ecom-offers/rla_mfb-evaluation/0.toml,exp/integrated/sweeps/ecom-offers/rla_mfb-greedy-heads-evaluation/0,False,321
sweeps,ecom-offers,esam_cf_fisd,0,AUROC,roc-auc,higher,0.6410485079831951,0.6410485079831951,0.6024310820580536,best-head,exp/integrated/sweeps/ecom-offers/esam_cf_fisd-evaluation/0.toml,exp/integrated/sweeps/ecom-offers/esam_cf_fisd-best-head-evaluation/0,False,321
sweeps,ecom-offers,rla_cf_fisd,0,AUROC,roc-auc,higher,0.6386263098818863,0.6386263098818863,0.6021922454924368,greedy-heads,exp/integrated/sweeps/ecom-offers/rla_cf_fisd-evaluation/0.toml,exp/integrated/sweeps/ecom-offers/rla_cf_fisd-greedy-heads-evaluation/0,False,214
sweeps,ecom-offers,esam_cf_fisd,0,AUROC,roc-auc,higher,0.6417659932080955,0.6417659932080955,0.6040036864957168,greedy-heads,exp/integrated/sweeps/ecom-offers/esam_cf_fisd-evaluation/0.toml,exp/integrated/sweeps/ecom-offers/esam_cf_fisd-greedy-heads-evaluation/0,False,321
sweeps,ecom-offers,all_minus_rla,0,AUROC,roc-auc,higher,0.6475121989956593,0.6475121989956593,0.6043243524106316,best-head,exp/integrated/sweeps/ecom-offers/all_minus_rla-evaluation/0.toml,exp/integrated/sweeps/ecom-offers/all_minus_rla-best-head-evaluation/0,False,321
sweeps,ecom-offers,rla_esam,0,AUROC,roc-auc,higher,0.6394659925462143,0.6394659925462143,0.601268355843962,best-head,exp/integrated/sweeps/ecom-offers/rla_esam-evaluation/0.toml,exp/integrated/sweeps/ecom-offers/rla_esam-best-head-evaluation/0,False,214
sweeps,ecom-offers,rla_esam,0,AUROC,roc-auc,higher,0.6394659925462143,0.6394659925462143,0.601268355843962,greedy-heads,exp/integrated/sweeps/ecom-offers/rla_esam-evaluation/0.toml,exp/integrated/sweeps/ecom-offers/rla_esam-greedy-heads-evaluation/0,False,214
sweeps,ecom-offers,all_minus_rla,0,AUROC,roc-auc,higher,0.6504789566191646,0.6504789566191646,0.6063598206681031,greedy-heads,exp/integrated/sweeps/ecom-offers/all_minus_rla-evaluation/0.toml,exp/integrated/sweeps/ecom-offers/all_minus_rla-greedy-heads-evaluation/0,False,321
sweeps,ecom-offers,all_minus_esam,0,AUROC,roc-auc,higher,0.6476721782117019,0.6476721782117019,0.6040083543113315,best-head,exp/integrated/sweeps/ecom-offers/all_minus_esam-evaluation/0.toml,exp/integrated/sweeps/ecom-offers/all_minus_esam-best-head-evaluation/0,False,321
sweeps,ecom-offers,all_minus_esam,0,AUROC,roc-auc,higher,0.6504598446123828,0.6504598446123828,0.6064818006704371,greedy-heads,exp/integrated/sweeps/ecom-offers/all_minus_esam-evaluation/0.toml,exp/integrated/sweeps/ecom-offers/all_minus_esam-greedy-heads-evaluation/0,False,321
sweeps,ecom-offers,all_four_combined,0,AUROC,roc-auc,higher,0.6479868261151002,0.6479868261151002,0.6047175337399694,best-head,exp/integrated/sweeps/ecom-offers/all_four_combined-evaluation/0.toml,exp/integrated/sweeps/ecom-offers/all_four_combined-best-head-evaluation/0,False,321
sweeps,ecom-offers,all_minus_mfb,0,AUROC,roc-auc,higher,0.637709740638791,0.637709740638791,0.6004564813723224,best-head,exp/integrated/sweeps/ecom-offers/all_minus_mfb-evaluation/0.toml,exp/integrated/sweeps/ecom-offers/all_minus_mfb-best-head-evaluation/0,False,214
sweeps,ecom-offers,all_four_combined,0,AUROC,roc-auc,higher,0.6505096994576862,0.6505096994576862,0.6063775930816054,greedy-heads,exp/integrated/sweeps/ecom-offers/all_four_combined-evaluation/0.toml,exp/integrated/sweeps/ecom-offers/all_four_combined-greedy-heads-evaluation/0,False,321
sweeps,ecom-offers,all_minus_cf_fisd,0,AUROC,roc-auc,higher,0.6498655113216565,0.6498655113216565,0.6047694345185003,best-head,exp/integrated/sweeps/ecom-offers/all_minus_cf_fisd-evaluation/0.toml,exp/integrated/sweeps/ecom-offers/all_minus_cf_fisd-best-head-evaluation/0,False,321
sweeps,ecom-offers,all_minus_cf_fisd,0,AUROC,roc-auc,higher,0.6505072081895442,0.6505072081895442,0.6062618182365493,greedy-heads,exp/integrated/sweeps/ecom-offers/all_minus_cf_fisd-evaluation/0.toml,exp/integrated/sweeps/ecom-offers/all_minus_cf_fisd-greedy-heads-evaluation/0,False,321
sweeps,ecom-offers,all_minus_mfb,0,AUROC,roc-auc,higher,0.6386704340734016,0.6386704340734016,0.6021744792778928,greedy-heads,exp/integrated/sweeps/ecom-offers/all_minus_mfb-evaluation/0.toml,exp/integrated/sweeps/ecom-offers/all_minus_mfb-greedy-heads-evaluation/0,False,214
sweeps,homesite-insurance,rla_rank2_noise0.001,0,AUROC,roc-auc,higher,0.958447068787368,0.958447068787368,0.9625908587761747,mean,exp/integrated/sweeps/homesite-insurance/rla_rank2_noise0.001-evaluation/0.toml,exp/integrated/sweeps/homesite-insurance/rla_rank2_noise0.001-evaluation/0,False,1980
sweeps,homesite-insurance,rla_rank2_noise0.0001,0,AUROC,roc-auc,higher,0.9582141658213201,0.9582141658213201,0.962170313614336,mean,exp/integrated/sweeps/homesite-insurance/rla_rank2_noise0.0001-evaluation/0.toml,exp/integrated/sweeps/homesite-insurance/rla_rank2_noise0.0001-evaluation/0,False,1760
sweeps,homesite-insurance,rla_rank2_noise1e-05,0,AUROC,roc-auc,higher,0.9583854185194205,0.9583854185194205,0.9623873274822505,mean,exp/integrated/sweeps/homesite-insurance/rla_rank2_noise1e-05-evaluation/0.toml,exp/integrated/sweeps/homesite-insurance/rla_rank2_noise1e-05-evaluation/0,False,1760
sweeps,homesite-insurance,rla_rank4_noise0.001,0,AUROC,roc-auc,higher,0.9581143050478821,0.9581143050478821,0.9619551240015043,mean,exp/integrated/sweeps/homesite-insurance/rla_rank4_noise0.001-evaluation/0.toml,exp/integrated/sweeps/homesite-insurance/rla_rank4_noise0.001-evaluation/0,False,1100
sweeps,homesite-insurance,rla_rank4_noise0.0001,0,AUROC,roc-auc,higher,0.9583231528038466,0.9583231528038466,0.96242593886798,mean,exp/integrated/sweeps/homesite-insurance/rla_rank4_noise0.0001-evaluation/0.toml,exp/integrated/sweeps/homesite-insurance/rla_rank4_noise0.0001-evaluation/0,False,1980
sweeps,homesite-insurance,rla_rank4_noise1e-05,0,AUROC,roc-auc,higher,0.9581626616470993,0.9581626616470993,0.9620964494052155,mean,exp/integrated/sweeps/homesite-insurance/rla_rank4_noise1e-05-evaluation/0.toml,exp/integrated/sweeps/homesite-insurance/rla_rank4_noise1e-05-evaluation/0,False,1760
sweeps,homesite-insurance,rla_rank8_noise0.001,0,AUROC,roc-auc,higher,0.9580761824634811,0.9580761824634811,0.962025146401907,mean,exp/integrated/sweeps/homesite-insurance/rla_rank8_noise0.001-evaluation/0.toml,exp/integrated/sweeps/homesite-insurance/rla_rank8_noise0.001-evaluation/0,False,1760
sweeps,homesite-insurance,rla_rank8_noise0.0001,0,AUROC,roc-auc,higher,0.9582609925935802,0.9582609925935802,0.9623517001429152,mean,exp/integrated/sweeps/homesite-insurance/rla_rank8_noise0.0001-evaluation/0.toml,exp/integrated/sweeps/homesite-insurance/rla_rank8_noise0.0001-evaluation/0,False,1100
sweeps,homesite-insurance,rla_rank8_noise1e-05,0,AUROC,roc-auc,higher,0.958187182838957,0.958187182838957,0.9624786972914716,mean,exp/integrated/sweeps/homesite-insurance/rla_rank8_noise1e-05-evaluation/0.toml,exp/integrated/sweeps/homesite-insurance/rla_rank8_noise1e-05-evaluation/0,False,1760
sweeps,homesite-insurance,esam_rho0.001,0,AUROC,roc-auc,higher,0.958366515485181,0.958366515485181,0.9625169220800972,mean,exp/integrated/sweeps/homesite-insurance/esam_rho0.001-evaluation/0.toml,exp/integrated/sweeps/homesite-insurance/esam_rho0.001-evaluation/0,False,1980
sweeps,homesite-insurance,esam_rho0.0025,0,AUROC,roc-auc,higher,0.9581563313286563,0.9581563313286563,0.96205585670933,mean,exp/integrated/sweeps/homesite-insurance/esam_rho0.0025-evaluation/0.toml,exp/integrated/sweeps/homesite-insurance/esam_rho0.0025-evaluation/0,False,1760
sweeps,homesite-insurance,esam_rho0.005,0,AUROC,roc-auc,higher,0.9583120395781356,0.9583120395781356,0.9627483366901237,mean,exp/integrated/sweeps/homesite-insurance/esam_rho0.005-evaluation/0.toml,exp/integrated/sweeps/homesite-insurance/esam_rho0.005-evaluation/0,False,1980
sweeps,homesite-insurance,esam_rho0.01,0,AUROC,roc-auc,higher,0.9580370399944422,0.9580370399944422,0.9621106810110944,mean,exp/integrated/sweeps/homesite-insurance/esam_rho0.01-evaluation/0.toml,exp/integrated/sweeps/homesite-insurance/esam_rho0.01-evaluation/0,False,1980
sweeps,homesite-insurance,mfb_keep0.7,0,AUROC,roc-auc,higher,0.9574455596570353,0.9574455596570353,0.9607387445394369,mean,exp/integrated/sweeps/homesite-insurance/mfb_keep0.7-evaluation/0.toml,exp/integrated/sweeps/homesite-insurance/mfb_keep0.7-evaluation/0,False,1980
sweeps,homesite-insurance,mfb_keep0.8,0,AUROC,roc-auc,higher,0.9580661506671708,0.9580661506671708,0.9619981087669689,mean,exp/integrated/sweeps/homesite-insurance/mfb_keep0.8-evaluation/0.toml,exp/integrated/sweeps/homesite-insurance/mfb_keep0.8-evaluation/0,False,1760
sweeps,homesite-insurance,mfb_keep0.9,0,AUROC,roc-auc,higher,0.9580942942079151,0.9580942942079151,0.9616652728230258,mean,exp/integrated/sweeps/homesite-insurance/mfb_keep0.9-evaluation/0.toml,exp/integrated/sweeps/homesite-insurance/mfb_keep0.9-evaluation/0,False,1980
sweeps,homesite-insurance,mfb_keep0.95,0,AUROC,roc-auc,higher,0.9584246137411132,0.9584246137411132,0.962318960200698,mean,exp/integrated/sweeps/homesite-insurance/mfb_keep0.95-evaluation/0.toml,exp/integrated/sweeps/homesite-insurance/mfb_keep0.95-evaluation/0,False,1980
sweeps,homesite-insurance,cf_fisd_lambda0.05,0,AUROC,roc-auc,higher,0.9587449454385457,0.9587449454385457,0.9627875642149869,mean,exp/integrated/sweeps/homesite-insurance/cf_fisd_lambda0.05-evaluation/0.toml,exp/integrated/sweeps/homesite-insurance/cf_fisd_lambda0.05-evaluation/0,False,1980
sweeps,homesite-insurance,cf_fisd_lambda0.1,0,AUROC,roc-auc,higher,0.9589599740471012,0.9589599740471012,0.9628908822909436,mean,exp/integrated/sweeps/homesite-insurance/cf_fisd_lambda0.1-evaluation/0.toml,exp/integrated/sweeps/homesite-insurance/cf_fisd_lambda0.1-evaluation/0,False,2420
sweeps,homesite-insurance,cf_fisd_lambda0.2,0,AUROC,roc-auc,higher,0.9587151577734279,0.9587151577734279,0.9626366101271623,mean,exp/integrated/sweeps/homesite-insurance/cf_fisd_lambda0.2-evaluation/0.toml,exp/integrated/sweeps/homesite-insurance/cf_fisd_lambda0.2-evaluation/0,False,2200
sweeps,homesite-insurance,rla_esam,0,AUROC,roc-auc,higher,0.9581143402163179,0.9581143402163179,0.962225790298713,mean,exp/integrated/sweeps/homesite-insurance/rla_esam-evaluation/0.toml,exp/integrated/sweeps/homesite-insurance/rla_esam-evaluation/0,False,1760
sweeps,homesite-insurance,rla_mfb,0,AUROC,roc-auc,higher,0.9581138918187615,0.9581138918187615,0.9616453389098677,mean,exp/integrated/sweeps/homesite-insurance/rla_mfb-evaluation/0.toml,exp/integrated/sweeps/homesite-insurance/rla_mfb-evaluation/0,False,1980
sweeps,homesite-insurance,rla_cf_fisd,0,AUROC,roc-auc,higher,0.9584762673811861,0.9584762673811861,0.9621948866927381,mean,exp/integrated/sweeps/homesite-insurance/rla_cf_fisd-evaluation/0.toml,exp/integrated/sweeps/homesite-insurance/rla_cf_fisd-evaluation/0,False,1100
sweeps,homesite-insurance,esam_mfb,0,AUROC,roc-auc,higher,0.9580893002900325,0.9580893002900325,0.9618081204528327,mean,exp/integrated/sweeps/homesite-insurance/esam_mfb-evaluation/0.toml,exp/integrated/sweeps/homesite-insurance/esam_mfb-evaluation/0,False,1980
sweeps,homesite-insurance,esam_cf_fisd,0,AUROC,roc-auc,higher,0.9589333075806602,0.9589333075806602,0.9627584002959787,mean,exp/integrated/sweeps/homesite-insurance/esam_cf_fisd-evaluation/0.toml,exp/integrated/sweeps/homesite-insurance/esam_cf_fisd-evaluation/0,False,2200
sweeps,homesite-insurance,mfb_cf_fisd,0,AUROC,roc-auc,higher,0.9589238560635404,0.9589238560635404,0.9624954901031625,mean,exp/integrated/sweeps/homesite-insurance/mfb_cf_fisd-evaluation/0.toml,exp/integrated/sweeps/homesite-insurance/mfb_cf_fisd-evaluation/0,False,1980
sweeps,homesite-insurance,all_four_combined,0,AUROC,roc-auc,higher,0.958474253988237,0.958474253988237,0.962487069534998,mean,exp/integrated/sweeps/homesite-insurance/all_four_combined-evaluation/0.toml,exp/integrated/sweeps/homesite-insurance/all_four_combined-evaluation/0,False,1760
sweeps,homesite-insurance,all_minus_rla,0,AUROC,roc-auc,higher,0.9586943908120914,0.9586943908120914,0.9623596978704976,mean,exp/integrated/sweeps/homesite-insurance/all_minus_rla-evaluation/0.toml,exp/integrated/sweeps/homesite-insurance/all_minus_rla-evaluation/0,False,1980
sweeps,homesite-insurance,all_minus_esam,0,AUROC,roc-auc,higher,0.95846243739381,0.95846243739381,0.9621719566520266,mean,exp/integrated/sweeps/homesite-insurance/all_minus_esam-evaluation/0.toml,exp/integrated/sweeps/homesite-insurance/all_minus_esam-evaluation/0,False,1100
sweeps,homesite-insurance,all_minus_mfb,0,AUROC,roc-auc,higher,0.9585091762449806,0.9585091762449806,0.9622794548091665,mean,exp/integrated/sweeps/homesite-insurance/all_minus_mfb-evaluation/0.toml,exp/integrated/sweeps/homesite-insurance/all_minus_mfb-evaluation/0,False,1100
sweeps,homesite-insurance,all_minus_cf_fisd,0,AUROC,roc-auc,higher,0.9580700807398709,0.9580700807398709,0.9619997518046595,mean,exp/integrated/sweeps/homesite-insurance/all_minus_cf_fisd-evaluation/0.toml,exp/integrated/sweeps/homesite-insurance/all_minus_cf_fisd-evaluation/0,False,1980
sweeps,homesite-insurance,rla_rank2_noise0.0001,0,AUROC,roc-auc,higher,0.9559529233208351,0.9559529233208351,0.9601378276664159,best-head,exp/integrated/sweeps/homesite-insurance/rla_rank2_noise0.0001-evaluation/0.toml,exp/integrated/sweeps/homesite-insurance/rla_rank2_noise0.0001-best-head-evaluation/0,False,1760
sweeps,homesite-insurance,rla_rank2_noise1e-05,0,AUROC,roc-auc,higher,0.9558571420859494,0.9558571420859494,0.958774227194806,best-head,exp/integrated/sweeps/homesite-insurance/rla_rank2_noise1e-05-evaluation/0.toml,exp/integrated/sweeps/homesite-insurance/rla_rank2_noise1e-05-best-head-evaluation/0,False,1760
sweeps,homesite-insurance,rla_rank2_noise0.001,0,AUROC,roc-auc,higher,0.9553321388843028,0.9553321388843028,0.9596838539362689,best-head,exp/integrated/sweeps/homesite-insurance/rla_rank2_noise0.001-evaluation/0.toml,exp/integrated/sweeps/homesite-insurance/rla_rank2_noise0.001-best-head-evaluation/0,False,1980
sweeps,homesite-insurance,rla_rank2_noise0.001,0,AUROC,roc-auc,higher,0.9591161746546817,0.9591161746546817,0.9623163265079293,greedy-heads,exp/integrated/sweeps/homesite-insurance/rla_rank2_noise0.001-evaluation/0.toml,exp/integrated/sweeps/homesite-insurance/rla_rank2_noise0.001-greedy-heads-evaluation/0,False,1980
sweeps,homesite-insurance,rla_rank2_noise0.0001,0,AUROC,roc-auc,higher,0.9589703663198782,0.9589703663198782,0.9625895781732687,greedy-heads,exp/integrated/sweeps/homesite-insurance/rla_rank2_noise0.0001-evaluation/0.toml,exp/integrated/sweeps/homesite-insurance/rla_rank2_noise0.0001-greedy-heads-evaluation/0,False,1760
sweeps,homesite-insurance,rla_rank2_noise1e-05,0,AUROC,roc-auc,higher,0.9591292133522524,0.9591292133522524,0.9626703044809795,greedy-heads,exp/integrated/sweeps/homesite-insurance/rla_rank2_noise1e-05-evaluation/0.toml,exp/integrated/sweeps/homesite-insurance/rla_rank2_noise1e-05-greedy-heads-evaluation/0,False,1760
sweeps,homesite-insurance,rla_rank4_noise0.001,0,AUROC,roc-auc,higher,0.9576809947504603,0.9576809947504603,0.9611084763444616,best-head,exp/integrated/sweeps/homesite-insurance/rla_rank4_noise0.001-evaluation/0.toml,exp/integrated/sweeps/homesite-insurance/rla_rank4_noise0.001-best-head-evaluation/0,False,1100
sweeps,homesite-insurance,rla_rank4_noise0.001,0,AUROC,roc-auc,higher,0.9589014449778305,0.9589014449778305,0.9626523760402965,greedy-heads,exp/integrated/sweeps/homesite-insurance/rla_rank4_noise0.001-evaluation/0.toml,exp/integrated/sweeps/homesite-insurance/rla_rank4_noise0.001-greedy-heads-evaluation/0,False,1100
sweeps,homesite-insurance,esam_rho0.0025,0,AUROC,roc-auc,higher,0.9561005955827354,0.9561005955827354,0.9607496659076156,best-head,exp/integrated/sweeps/homesite-insurance/esam_rho0.0025-evaluation/0.toml,exp/integrated/sweeps/homesite-insurance/esam_rho0.0025-best-head-evaluation/0,False,1760
sweeps,homesite-insurance,mfb_keep0.7,0,AUROC,roc-auc,higher,0.9540607823461205,0.9540607823461205,0.9604495578247303,best-head,exp/integrated/sweeps/homesite-insurance/mfb_keep0.7-evaluation/0.toml,exp/integrated/sweeps/homesite-insurance/mfb_keep0.7-best-head-evaluation/0,False,1980
sweeps,homesite-insurance,esam_rho0.001,0,AUROC,roc-auc,higher,0.9561281764285071,0.9561281764285071,0.9607344074031798,best-head,exp/integrated/sweeps/homesite-insurance/esam_rho0.001-evaluation/0.toml,exp/integrated/sweeps/homesite-insurance/esam_rho0.001-best-head-evaluation/0,False,1980
sweeps,homesite-insurance,mfb_keep0.8,0,AUROC,roc-auc,higher,0.9557633918282306,0.9557633918282306,0.9594055402651032,best-head,exp/integrated/sweeps/homesite-insurance/mfb_keep0.8-evaluation/0.toml,exp/integrated/sweeps/homesite-insurance/mfb_keep0.8-best-head-evaluation/0,False,1760
sweeps,homesite-insurance,mfb_keep0.7,0,AUROC,roc-auc,higher,0.9588480241238587,0.9588480241238587,0.9630162122394903,greedy-heads,exp/integrated/sweeps/homesite-insurance/mfb_keep0.7-evaluation/0.toml,exp/integrated/sweeps/homesite-insurance/mfb_keep0.7-greedy-heads-evaluation/0,False,1980
sweeps,homesite-insurance,esam_rho0.0025,0,AUROC,roc-auc,higher,0.95870368407125,0.95870368407125,0.962465432178352,greedy-heads,exp/integrated/sweeps/homesite-insurance/esam_rho0.0025-evaluation/0.toml,exp/integrated/sweeps/homesite-insurance/esam_rho0.0025-greedy-heads-evaluation/0,False,1760
sweeps,homesite-insurance,mfb_keep0.9,0,AUROC,roc-auc,higher,0.9560981250001208,0.9560981250001208,0.9601610718172741,best-head,exp/integrated/sweeps/homesite-insurance/mfb_keep0.9-evaluation/0.toml,exp/integrated/sweeps/homesite-insurance/mfb_keep0.9-best-head-evaluation/0,False,1980
sweeps,homesite-insurance,esam_rho0.001,0,AUROC,roc-auc,higher,0.9589766350935588,0.9589766350935588,0.962915757398333,greedy-heads,exp/integrated/sweeps/homesite-insurance/esam_rho0.001-evaluation/0.toml,exp/integrated/sweeps/homesite-insurance/esam_rho0.001-greedy-heads-evaluation/0,False,1980
sweeps,homesite-insurance,mfb_keep0.8,0,AUROC,roc-auc,higher,0.9587700557017027,0.9587700557017027,0.9623207965369405,greedy-heads,exp/integrated/sweeps/homesite-insurance/mfb_keep0.8-evaluation/0.toml,exp/integrated/sweeps/homesite-insurance/mfb_keep0.8-greedy-heads-evaluation/0,False,1760
sweeps,homesite-insurance,esam_rho0.005,0,AUROC,roc-auc,higher,0.9561512908829329,0.9561512908829329,0.9606910602029306,best-head,exp/integrated/sweeps/homesite-insurance/esam_rho0.005-evaluation/0.toml,exp/integrated/sweeps/homesite-insurance/esam_rho0.005-best-head-evaluation/0,False,1980
sweeps,homesite-insurance,mfb_keep0.9,0,AUROC,roc-auc,higher,0.9587921238951639,0.9587921238951639,0.9622146031450255,greedy-heads,exp/integrated/sweeps/homesite-insurance/mfb_keep0.9-evaluation/0.toml,exp/integrated/sweeps/homesite-insurance/mfb_keep0.9-greedy-heads-evaluation/0,False,1980
sweeps,homesite-insurance,esam_rho0.01,0,AUROC,roc-auc,higher,0.9554589123032324,0.9554589123032324,0.9585579261153012,best-head,exp/integrated/sweeps/homesite-insurance/esam_rho0.01-evaluation/0.toml,exp/integrated/sweeps/homesite-insurance/esam_rho0.01-best-head-evaluation/0,False,1980
sweeps,homesite-insurance,esam_rho0.005,0,AUROC,roc-auc,higher,0.958991133281215,0.958991133281215,0.9627938464179217,greedy-heads,exp/integrated/sweeps/homesite-insurance/esam_rho0.005-evaluation/0.toml,exp/integrated/sweeps/homesite-insurance/esam_rho0.005-greedy-heads-evaluation/0,False,1980
sweeps,homesite-insurance,esam_rho0.01,0,AUROC,roc-auc,higher,0.9587733087820138,0.9587733087820138,0.9626104060922291,greedy-heads,exp/integrated/sweeps/homesite-insurance/esam_rho0.01-evaluation/0.toml,exp/integrated/sweeps/homesite-insurance/esam_rho0.01-greedy-heads-evaluation/0,False,1980
sweeps,homesite-insurance,rla_rank4_noise0.0001,0,AUROC,roc-auc,higher,0.9557610707114682,0.9557610707114682,0.9604946447119459,best-head,exp/integrated/sweeps/homesite-insurance/rla_rank4_noise0.0001-evaluation/0.toml,exp/integrated/sweeps/homesite-insurance/rla_rank4_noise0.0001-best-head-evaluation/0,False,1980
sweeps,homesite-insurance,rla_rank4_noise0.0001,0,AUROC,roc-auc,higher,0.959029757015826,0.959029757015826,0.9624579176971494,greedy-heads,exp/integrated/sweeps/homesite-insurance/rla_rank4_noise0.0001-evaluation/0.toml,exp/integrated/sweeps/homesite-insurance/rla_rank4_noise0.0001-greedy-heads-evaluation/0,False,1980
sweeps,homesite-insurance,mfb_keep0.95,0,AUROC,roc-auc,higher,0.9563975490624737,0.9563975490624737,0.9593891219693567,best-head,exp/integrated/sweeps/homesite-insurance/mfb_keep0.95-evaluation/0.toml,exp/integrated/sweeps/homesite-insurance/mfb_keep0.95-best-head-evaluation/0,False,1980
sweeps,homesite-insurance,rla_rank4_noise1e-05,0,AUROC,roc-auc,higher,0.9560453459701026,0.9560453459701026,0.9600924508313724,best-head,exp/integrated/sweeps/homesite-insurance/rla_rank4_noise1e-05-evaluation/0.toml,exp/integrated/sweeps/homesite-insurance/rla_rank4_noise1e-05-best-head-evaluation/0,False,1760
sweeps,homesite-insurance,mfb_keep0.95,0,AUROC,roc-auc,higher,0.9592957095194116,0.9592957095194116,0.9620218603265258,greedy-heads,exp/integrated/sweeps/homesite-insurance/mfb_keep0.95-evaluation/0.toml,exp/integrated/sweeps/homesite-insurance/mfb_keep0.95-greedy-heads-evaluation/0,False,1980
sweeps,homesite-insurance,rla_rank4_noise1e-05,0,AUROC,roc-auc,higher,0.9591329763748824,0.9591329763748824,0.962370812537228,greedy-heads,exp/integrated/sweeps/homesite-insurance/rla_rank4_noise1e-05-evaluation/0.toml,exp/integrated/sweeps/homesite-insurance/rla_rank4_noise1e-05-greedy-heads-evaluation/0,False,1760
sweeps,homesite-insurance,cf_fisd_lambda0.05,0,AUROC,roc-auc,higher,0.9577627701557911,0.9577627701557911,0.9622852537657216,best-head,exp/integrated/sweeps/homesite-insurance/cf_fisd_lambda0.05-evaluation/0.toml,exp/integrated/sweeps/homesite-insurance/cf_fisd_lambda0.05-best-head-evaluation/0,False,1980
sweeps,homesite-insurance,cf_fisd_lambda0.05,0,AUROC,roc-auc,higher,0.9594017599375494,0.9594017599375494,0.9632589952205967,greedy-heads,exp/integrated/sweeps/homesite-insurance/cf_fisd_lambda0.05-evaluation/0.toml,exp/integrated/sweeps/homesite-insurance/cf_fisd_lambda0.05-greedy-heads-evaluation/0,False,1980
sweeps,homesite-insurance,cf_fisd_lambda0.1,0,AUROC,roc-auc,higher,0.957813544584969,0.957813544584969,0.961490313471295,best-head,exp/integrated/sweeps/homesite-insurance/cf_fisd_lambda0.1-evaluation/0.toml,exp/integrated/sweeps/homesite-insurance/cf_fisd_lambda0.1-best-head-evaluation/0,False,2420
sweeps,homesite-insurance,cf_fisd_lambda0.1,0,AUROC,roc-auc,higher,0.9594844321379927,0.9594844321379927,0.9634382071404677,greedy-heads,exp/integrated/sweeps/homesite-insurance/cf_fisd_lambda0.1-evaluation/0.toml,exp/integrated/sweeps/homesite-insurance/cf_fisd_lambda0.1-greedy-heads-evaluation/0,False,2420
sweeps,homesite-insurance,cf_fisd_lambda0.2,0,AUROC,roc-auc,higher,0.9576897428988642,0.9576897428988642,0.9612223171103336,best-head,exp/integrated/sweeps/homesite-insurance/cf_fisd_lambda0.2-evaluation/0.toml,exp/integrated/sweeps/homesite-insurance/cf_fisd_lambda0.2-best-head-evaluation/0,False,2200
sweeps,homesite-insurance,cf_fisd_lambda0.2,0,AUROC,roc-auc,higher,0.9594008895187635,0.9594008895187635,0.9626779880984148,greedy-heads,exp/integrated/sweeps/homesite-insurance/cf_fisd_lambda0.2-evaluation/0.toml,exp/integrated/sweeps/homesite-insurance/cf_fisd_lambda0.2-greedy-heads-evaluation/0,False,2200
sweeps,homesite-insurance,mfb_cf_fisd,0,AUROC,roc-auc,higher,0.9576967765860231,0.9576967765860231,0.9617315500639867,best-head,exp/integrated/sweeps/homesite-insurance/mfb_cf_fisd-evaluation/0.toml,exp/integrated/sweeps/homesite-insurance/mfb_cf_fisd-best-head-evaluation/0,False,1980
sweeps,homesite-insurance,mfb_cf_fisd,0,AUROC,roc-auc,higher,0.9597570226838343,0.9597570226838343,0.9633062567165207,greedy-heads,exp/integrated/sweeps/homesite-insurance/mfb_cf_fisd-evaluation/0.toml,exp/integrated/sweeps/homesite-insurance/mfb_cf_fisd-greedy-heads-evaluation/0,False,1980
sweeps,homesite-insurance,rla_rank8_noise0.0001,0,AUROC,roc-auc,higher,0.9580729733437149,0.9580729733437149,0.9613215034297445,best-head,exp/integrated/sweeps/homesite-insurance/rla_rank8_noise0.0001-evaluation/0.toml,exp/integrated/sweeps/homesite-insurance/rla_rank8_noise0.0001-best-head-evaluation/0,False,1100
sweeps,homesite-insurance,rla_rank8_noise0.0001,0,AUROC,roc-auc,higher,0.9588554974164651,0.9588554974164651,0.9627966975715613,greedy-heads,exp/integrated/sweeps/homesite-insurance/rla_rank8_noise0.0001-evaluation/0.toml,exp/integrated/sweeps/homesite-insurance/rla_rank8_noise0.0001-greedy-heads-evaluation/0,False,1100
sweeps,homesite-insurance,esam_mfb,0,AUROC,roc-auc,higher,0.9551748656394307,0.9551748656394307,0.9597148541915197,best-head,exp/integrated/sweeps/homesite-insurance/esam_mfb-evaluation/0.toml,exp/integrated/sweeps/homesite-insurance/esam_mfb-best-head-evaluation/0,False,1980
sweeps,homesite-insurance,esam_mfb,0,AUROC,roc-auc,higher,0.9588471624971818,0.9588471624971818,0.962094141903753,greedy-heads,exp/integrated/sweeps/homesite-insurance/esam_mfb-evaluation/0.toml,exp/integrated/sweeps/homesite-insurance/esam_mfb-greedy-heads-evaluation/0,False,1980
sweeps,homesite-insurance,rla_rank8_noise0.001,0,AUROC,roc-auc,higher,0.9565663135937417,0.9565663135937417,0.9586702567362371,best-head,exp/integrated/sweeps/homesite-insurance/rla_rank8_noise0.001-evaluation/0.toml,exp/integrated/sweeps/homesite-insurance/rla_rank8_noise0.001-best-head-evaluation/0,False,1760
sweeps,homesite-insurance,rla_rank8_noise0.001,0,AUROC,roc-auc,higher,0.9588770556676071,0.9588770556676071,0.9621469244895637,greedy-heads,exp/integrated/sweeps/homesite-insurance/rla_rank8_noise0.001-evaluation/0.toml,exp/integrated/sweeps/homesite-insurance/rla_rank8_noise0.001-greedy-heads-evaluation/0,False,1760
sweeps,homesite-insurance,rla_rank8_noise1e-05,0,AUROC,roc-auc,higher,0.9560226359526883,0.9560226359526883,0.9594298354768371,best-head,exp/integrated/sweeps/homesite-insurance/rla_rank8_noise1e-05-evaluation/0.toml,exp/integrated/sweeps/homesite-insurance/rla_rank8_noise1e-05-best-head-evaluation/0,False,1760
sweeps,homesite-insurance,rla_rank8_noise1e-05,0,AUROC,roc-auc,higher,0.9588073342436448,0.9588073342436448,0.9625660923992208,greedy-heads,exp/integrated/sweeps/homesite-insurance/rla_rank8_noise1e-05-evaluation/0.toml,exp/integrated/sweeps/homesite-insurance/rla_rank8_noise1e-05-greedy-heads-evaluation/0,False,1760
sweeps,homesite-insurance,rla_cf_fisd,0,AUROC,roc-auc,higher,0.9580215219221477,0.9580215219221477,0.9612981867919294,best-head,exp/integrated/sweeps/homesite-insurance/rla_cf_fisd-evaluation/0.toml,exp/integrated/sweeps/homesite-insurance/rla_cf_fisd-best-head-evaluation/0,False,1100
sweeps,homesite-insurance,esam_cf_fisd,0,AUROC,roc-auc,higher,0.9573917959108148,0.9573917959108148,0.9606087512633268,best-head,exp/integrated/sweeps/homesite-insurance/esam_cf_fisd-evaluation/0.toml,exp/integrated/sweeps/homesite-insurance/esam_cf_fisd-best-head-evaluation/0,False,2200
sweeps,homesite-insurance,rla_cf_fisd,0,AUROC,roc-auc,higher,0.9589731006657612,0.9589731006657612,0.9623105275513741,greedy-heads,exp/integrated/sweeps/homesite-insurance/rla_cf_fisd-evaluation/0.toml,exp/integrated/sweeps/homesite-insurance/rla_cf_fisd-greedy-heads-evaluation/0,False,1100
sweeps,homesite-insurance,esam_cf_fisd,0,AUROC,roc-auc,higher,0.9595481045909983,0.9595481045909983,0.9631976229303886,greedy-heads,exp/integrated/sweeps/homesite-insurance/esam_cf_fisd-evaluation/0.toml,exp/integrated/sweeps/homesite-insurance/esam_cf_fisd-greedy-heads-evaluation/0,False,2200
sweeps,homesite-insurance,rla_mfb,0,AUROC,roc-auc,higher,0.9554584990741118,0.9554584990741118,0.9598635611836792,best-head,exp/integrated/sweeps/homesite-insurance/rla_mfb-evaluation/0.toml,exp/integrated/sweeps/homesite-insurance/rla_mfb-best-head-evaluation/0,False,1980
sweeps,homesite-insurance,all_minus_rla,0,AUROC,roc-auc,higher,0.9573359044742286,0.9573359044742286,0.9616503767533748,best-head,exp/integrated/sweeps/homesite-insurance/all_minus_rla-evaluation/0.toml,exp/integrated/sweeps/homesite-insurance/all_minus_rla-best-head-evaluation/0,False,1980
sweeps,homesite-insurance,rla_mfb,0,AUROC,roc-auc,higher,0.9589065795694565,0.9589065795694565,0.961628401124263,greedy-heads,exp/integrated/sweeps/homesite-insurance/rla_mfb-evaluation/0.toml,exp/integrated/sweeps/homesite-insurance/rla_mfb-greedy-heads-evaluation/0,False,1980
sweeps,homesite-insurance,all_minus_rla,0,AUROC,roc-auc,higher,0.9594920636885601,0.9594920636885601,0.9630834801355295,greedy-heads,exp/integrated/sweeps/homesite-insurance/all_minus_rla-evaluation/0.toml,exp/integrated/sweeps/homesite-insurance/all_minus_rla-greedy-heads-evaluation/0,False,1980
sweeps,homesite-insurance,all_minus_esam,0,AUROC,roc-auc,higher,0.9578664730808395,0.9578664730808395,0.9618357621457454,best-head,exp/integrated/sweeps/homesite-insurance/all_minus_esam-evaluation/0.toml,exp/integrated/sweeps/homesite-insurance/all_minus_esam-best-head-evaluation/0,False,1100
sweeps,homesite-insurance,all_minus_esam,0,AUROC,roc-auc,higher,0.959329480009883,0.959329480009883,0.9630054358452254,greedy-heads,exp/integrated/sweeps/homesite-insurance/all_minus_esam-evaluation/0.toml,exp/integrated/sweeps/homesite-insurance/all_minus_esam-greedy-heads-evaluation/0,False,1100
sweeps,homesite-insurance,rla_esam,0,AUROC,roc-auc,higher,0.9561241320583908,0.9561241320583908,0.960971584726283,best-head,exp/integrated/sweeps/homesite-insurance/rla_esam-evaluation/0.toml,exp/integrated/sweeps/homesite-insurance/rla_esam-best-head-evaluation/0,False,1760
sweeps,homesite-insurance,rla_esam,0,AUROC,roc-auc,higher,0.9589296236870106,0.9589296236870106,0.9624745655349262,greedy-heads,exp/integrated/sweeps/homesite-insurance/rla_esam-evaluation/0.toml,exp/integrated/sweeps/homesite-insurance/rla_esam-greedy-heads-evaluation/0,False,1760
sweeps,homesite-insurance,all_minus_mfb,0,AUROC,roc-auc,higher,0.9578946605821286,0.9578946605821286,0.9613487585255535,best-head,exp/integrated/sweeps/homesite-insurance/all_minus_mfb-evaluation/0.toml,exp/integrated/sweeps/homesite-insurance/all_minus_mfb-best-head-evaluation/0,False,1100
sweeps,homesite-insurance,all_minus_mfb,0,AUROC,roc-auc,higher,0.9590512800985321,0.9590512800985321,0.9625182147641627,greedy-heads,exp/integrated/sweeps/homesite-insurance/all_minus_mfb-evaluation/0.toml,exp/integrated/sweeps/homesite-insurance/all_minus_mfb-greedy-heads-evaluation/0,False,1100
sweeps,homesite-insurance,all_four_combined,0,AUROC,roc-auc,higher,0.9569685349939213,0.9569685349939213,0.9582203301945192,best-head,exp/integrated/sweeps/homesite-insurance/all_four_combined-evaluation/0.toml,exp/integrated/sweeps/homesite-insurance/all_four_combined-best-head-evaluation/0,False,1760
sweeps,homesite-insurance,all_four_combined,0,AUROC,roc-auc,higher,0.9592737644154757,0.9592737644154757,0.9627526496640615,greedy-heads,exp/integrated/sweeps/homesite-insurance/all_four_combined-evaluation/0.toml,exp/integrated/sweeps/homesite-insurance/all_four_combined-greedy-heads-evaluation/0,False,1760
sweeps,homesite-insurance,all_minus_cf_fisd,0,AUROC,roc-auc,higher,0.9560637742304589,0.9560637742304589,0.9602624689888717,best-head,exp/integrated/sweeps/homesite-insurance/all_minus_cf_fisd-evaluation/0.toml,exp/integrated/sweeps/homesite-insurance/all_minus_cf_fisd-best-head-evaluation/0,False,1980
sweeps,homesite-insurance,all_minus_cf_fisd,0,AUROC,roc-auc,higher,0.9587104803714672,0.9587104803714672,0.9619912225060596,greedy-heads,exp/integrated/sweeps/homesite-insurance/all_minus_cf_fisd-evaluation/0.toml,exp/integrated/sweeps/homesite-insurance/all_minus_cf_fisd-greedy-heads-evaluation/0,False,1980
sweeps,cooking-time,rla_rank2_noise0.001,0,RMSE,rmse,lower,0.462741360963445,-0.462741360963445,0.4802330803717953,mean,exp/integrated/sweeps/cooking-time/rla_rank2_noise0.001-evaluation/0.toml,exp/integrated/sweeps/cooking-time/rla_rank2_noise0.001-evaluation/0,False,23088
sweeps,cooking-time,rla_rank2_noise0.0001,0,RMSE,rmse,lower,0.4627581378606596,-0.4627581378606596,0.4802975698569232,mean,exp/integrated/sweeps/cooking-time/rla_rank2_noise0.0001-evaluation/0.toml,exp/integrated/sweeps/cooking-time/rla_rank2_noise0.0001-evaluation/0,False,23088
sweeps,cooking-time,rla_rank2_noise1e-05,0,RMSE,rmse,lower,0.46274171518445095,-0.46274171518445095,0.48025462954174786,mean,exp/integrated/sweeps/cooking-time/rla_rank2_noise1e-05-evaluation/0.toml,exp/integrated/sweeps/cooking-time/rla_rank2_noise1e-05-evaluation/0,False,23088
sweeps,cooking-time,rla_rank4_noise0.001,0,RMSE,rmse,lower,0.46272482498106277,-0.46272482498106277,0.4802920784266626,mean,exp/integrated/sweeps/cooking-time/rla_rank4_noise0.001-evaluation/0.toml,exp/integrated/sweeps/cooking-time/rla_rank4_noise0.001-evaluation/0,False,23088
sweeps,cooking-time,rla_rank4_noise0.0001,0,RMSE,rmse,lower,0.4627297681263241,-0.4627297681263241,0.48025858554781287,mean,exp/integrated/sweeps/cooking-time/rla_rank4_noise0.0001-evaluation/0.toml,exp/integrated/sweeps/cooking-time/rla_rank4_noise0.0001-evaluation/0,False,23088
sweeps,cooking-time,rla_rank4_noise1e-05,0,RMSE,rmse,lower,0.4627757191386438,-0.4627757191386438,0.4802501150008962,mean,exp/integrated/sweeps/cooking-time/rla_rank4_noise1e-05-evaluation/0.toml,exp/integrated/sweeps/cooking-time/rla_rank4_noise1e-05-evaluation/0,False,23088
sweeps,cooking-time,rla_rank8_noise0.001,0,RMSE,rmse,lower,0.4627485258356125,-0.4627485258356125,0.4803784913673949,mean,exp/integrated/sweeps/cooking-time/rla_rank8_noise0.001-evaluation/0.toml,exp/integrated/sweeps/cooking-time/rla_rank8_noise0.001-evaluation/0,False,23088
sweeps,cooking-time,rla_rank8_noise0.0001,0,RMSE,rmse,lower,0.4627781501968618,-0.4627781501968618,0.4803483238337491,mean,exp/integrated/sweeps/cooking-time/rla_rank8_noise0.0001-evaluation/0.toml,exp/integrated/sweeps/cooking-time/rla_rank8_noise0.0001-evaluation/0,False,23088
sweeps,cooking-time,rla_rank8_noise1e-05,0,RMSE,rmse,lower,0.46274024999580365,-0.46274024999580365,0.48030301468765013,mean,exp/integrated/sweeps/cooking-time/rla_rank8_noise1e-05-evaluation/0.toml,exp/integrated/sweeps/cooking-time/rla_rank8_noise1e-05-evaluation/0,False,23088
sweeps,cooking-time,esam_rho0.001,0,RMSE,rmse,lower,0.46276101981921397,-0.46276101981921397,0.4801992110036178,mean,exp/integrated/sweeps/cooking-time/esam_rho0.001-evaluation/0.toml,exp/integrated/sweeps/cooking-time/esam_rho0.001-evaluation/0,False,23088
sweeps,cooking-time,esam_rho0.0025,0,RMSE,rmse,lower,0.4627563346148938,-0.4627563346148938,0.4802735094812688,mean,exp/integrated/sweeps/cooking-time/esam_rho0.0025-evaluation/0.toml,exp/integrated/sweeps/cooking-time/esam_rho0.0025-evaluation/0,False,23088
sweeps,cooking-time,esam_rho0.005,0,RMSE,rmse,lower,0.4628077726618535,-0.4628077726618535,0.48022789849772834,mean,exp/integrated/sweeps/cooking-time/esam_rho0.005-evaluation/0.toml,exp/integrated/sweeps/cooking-time/esam_rho0.005-evaluation/0,False,23088
sweeps,cooking-time,esam_rho0.01,0,RMSE,rmse,lower,0.462806194991412,-0.462806194991412,0.4802449022823802,mean,exp/integrated/sweeps/cooking-time/esam_rho0.01-evaluation/0.toml,exp/integrated/sweeps/cooking-time/esam_rho0.01-evaluation/0,False,23088
sweeps,cooking-time,mfb_keep0.7,0,RMSE,rmse,lower,0.4641162243965573,-0.4641162243965573,0.4815966695140456,mean,exp/integrated/sweeps/cooking-time/mfb_keep0.7-evaluation/0.toml,exp/integrated/sweeps/cooking-time/mfb_keep0.7-evaluation/0,False,23088
sweeps,cooking-time,mfb_keep0.8,0,RMSE,rmse,lower,0.4634085546239816,-0.4634085546239816,0.4808915146871742,mean,exp/integrated/sweeps/cooking-time/mfb_keep0.8-evaluation/0.toml,exp/integrated/sweeps/cooking-time/mfb_keep0.8-evaluation/0,False,23088
sweeps,cooking-time,mfb_keep0.9,0,RMSE,rmse,lower,0.46290981075910853,-0.46290981075910853,0.480415480847424,mean,exp/integrated/sweeps/cooking-time/mfb_keep0.9-evaluation/0.toml,exp/integrated/sweeps/cooking-time/mfb_keep0.9-evaluation/0,False,23088
sweeps,cooking-time,mfb_keep0.95,0,RMSE,rmse,lower,0.46283832689198484,-0.46283832689198484,0.48036774294670015,mean,exp/integrated/sweeps/cooking-time/mfb_keep0.95-evaluation/0.toml,exp/integrated/sweeps/cooking-time/mfb_keep0.95-evaluation/0,False,23088
sweeps,cooking-time,cf_fisd_lambda0.05,0,RMSE,rmse,lower,0.4632019090821483,-0.4632019090821483,0.4808496810468957,mean,exp/integrated/sweeps/cooking-time/cf_fisd_lambda0.05-evaluation/0.toml,exp/integrated/sweeps/cooking-time/cf_fisd_lambda0.05-evaluation/0,False,17982
sweeps,cooking-time,cf_fisd_lambda0.1,0,RMSE,rmse,lower,0.4632809116304394,-0.4632809116304394,0.48091704691326154,mean,exp/integrated/sweeps/cooking-time/cf_fisd_lambda0.1-evaluation/0.toml,exp/integrated/sweeps/cooking-time/cf_fisd_lambda0.1-evaluation/0,False,17982
sweeps,cooking-time,cf_fisd_lambda0.2,0,RMSE,rmse,lower,0.4633341406854049,-0.4633341406854049,0.4808806847716492,mean,exp/integrated/sweeps/cooking-time/cf_fisd_lambda0.2-evaluation/0.toml,exp/integrated/sweeps/cooking-time/cf_fisd_lambda0.2-evaluation/0,False,15096
sweeps,cooking-time,rla_esam,0,RMSE,rmse,lower,0.4627353230636857,-0.4627353230636857,0.4803077303885999,mean,exp/integrated/sweeps/cooking-time/rla_esam-evaluation/0.toml,exp/integrated/sweeps/cooking-time/rla_esam-evaluation/0,False,23088
sweeps,cooking-time,rla_mfb,0,RMSE,rmse,lower,0.4628964355361592,-0.4628964355361592,0.4804232040775468,mean,exp/integrated/sweeps/cooking-time/rla_mfb-evaluation/0.toml,exp/integrated/sweeps/cooking-time/rla_mfb-evaluation/0,False,23088
sweeps,cooking-time,rla_cf_fisd,0,RMSE,rmse,lower,0.46314488441622087,-0.46314488441622087,0.48088551875549623,mean,exp/integrated/sweeps/cooking-time/rla_cf_fisd-evaluation/0.toml,exp/integrated/sweeps/cooking-time/rla_cf_fisd-evaluation/0,False,17982
sweeps,cooking-time,esam_mfb,0,RMSE,rmse,lower,0.4629259699594227,-0.4629259699594227,0.4803877661460669,mean,exp/integrated/sweeps/cooking-time/esam_mfb-evaluation/0.toml,exp/integrated/sweeps/cooking-time/esam_mfb-evaluation/0,False,23088
sweeps,cooking-time,esam_cf_fisd,0,RMSE,rmse,lower,0.4632865725335359,-0.4632865725335359,0.48093585437297304,mean,exp/integrated/sweeps/cooking-time/esam_cf_fisd-evaluation/0.toml,exp/integrated/sweeps/cooking-time/esam_cf_fisd-evaluation/0,False,17982
sweeps,cooking-time,mfb_cf_fisd,0,RMSE,rmse,lower,0.4633989882463895,-0.4633989882463895,0.4810100390661497,mean,exp/integrated/sweeps/cooking-time/mfb_cf_fisd-evaluation/0.toml,exp/integrated/sweeps/cooking-time/mfb_cf_fisd-evaluation/0,False,17982
sweeps,cooking-time,all_four_combined,0,RMSE,rmse,lower,0.463355012524859,-0.463355012524859,0.4809202538385541,mean,exp/integrated/sweeps/cooking-time/all_four_combined-evaluation/0.toml,exp/integrated/sweeps/cooking-time/all_four_combined-evaluation/0,False,17982
sweeps,cooking-time,all_minus_rla,0,RMSE,rmse,lower,0.4634391174751191,-0.4634391174751191,0.4810216869909678,mean,exp/integrated/sweeps/cooking-time/all_minus_rla-evaluation/0.toml,exp/integrated/sweeps/cooking-time/all_minus_rla-evaluation/0,False,17982
sweeps,cooking-time,all_minus_esam,0,RMSE,rmse,lower,0.4633378873945458,-0.4633378873945458,0.48088029743109706,mean,exp/integrated/sweeps/cooking-time/all_minus_esam-evaluation/0.toml,exp/integrated/sweeps/cooking-time/all_minus_esam-evaluation/0,False,17982
sweeps,cooking-time,all_minus_mfb,0,RMSE,rmse,lower,0.46319753395446966,-0.46319753395446966,0.48088071575887986,mean,exp/integrated/sweeps/cooking-time/all_minus_mfb-evaluation/0.toml,exp/integrated/sweeps/cooking-time/all_minus_mfb-evaluation/0,False,17982
sweeps,cooking-time,all_minus_cf_fisd,0,RMSE,rmse,lower,0.463067499804912,-0.463067499804912,0.4804862724768644,mean,exp/integrated/sweeps/cooking-time/all_minus_cf_fisd-evaluation/0.toml,exp/integrated/sweeps/cooking-time/all_minus_cf_fisd-evaluation/0,False,17982
sweeps,cooking-time,rla_rank2_noise0.001,0,RMSE,rmse,lower,0.465139054815724,-0.465139054815724,0.48220568612119014,best-head,exp/integrated/sweeps/cooking-time/rla_rank2_noise0.001-evaluation/0.toml,exp/integrated/sweeps/cooking-time/rla_rank2_noise0.001-best-head-evaluation/0,False,23088
sweeps,cooking-time,rla_rank2_noise0.001,0,RMSE,rmse,lower,0.4624384832710735,-0.4624384832710735,0.47998788853107577,greedy-heads,exp/integrated/sweeps/cooking-time/rla_rank2_noise0.001-evaluation/0.toml,exp/integrated/sweeps/cooking-time/rla_rank2_noise0.001-greedy-heads-evaluation/0,False,23088
sweeps,cooking-time,rla_rank2_noise0.0001,0,RMSE,rmse,lower,0.465058894016931,-0.465058894016931,0.48247512338182996,best-head,exp/integrated/sweeps/cooking-time/rla_rank2_noise0.0001-evaluation/0.toml,exp/integrated/sweeps/cooking-time/rla_rank2_noise0.0001-best-head-evaluation/0,False,23088
sweeps,cooking-time,rla_rank2_noise0.0001,0,RMSE,rmse,lower,0.4624788086134533,-0.4624788086134533,0.4800547545217561,greedy-heads,exp/integrated/sweeps/cooking-time/rla_rank2_noise0.0001-evaluation/0.toml,exp/integrated/sweeps/cooking-time/rla_rank2_noise0.0001-greedy-heads-evaluation/0,False,23088
sweeps,cooking-time,rla_rank2_noise1e-05,0,RMSE,rmse,lower,0.4650147388029769,-0.4650147388029769,0.4822676099238603,best-head,exp/integrated/sweeps/cooking-time/rla_rank2_noise1e-05-evaluation/0.toml,exp/integrated/sweeps/cooking-time/rla_rank2_noise1e-05-best-head-evaluation/0,False,23088
sweeps,cooking-time,rla_rank2_noise1e-05,0,RMSE,rmse,lower,0.46249997680251603,-0.46249997680251603,0.47995778958671514,greedy-heads,exp/integrated/sweeps/cooking-time/rla_rank2_noise1e-05-evaluation/0.toml,exp/integrated/sweeps/cooking-time/rla_rank2_noise1e-05-greedy-heads-evaluation/0,False,23088
sweeps,cooking-time,esam_rho0.001,0,RMSE,rmse,lower,0.4650444270773418,-0.4650444270773418,0.48297671022399175,best-head,exp/integrated/sweeps/cooking-time/esam_rho0.001-evaluation/0.toml,exp/integrated/sweeps/cooking-time/esam_rho0.001-best-head-evaluation/0,False,23088
sweeps,cooking-time,esam_rho0.001,0,RMSE,rmse,lower,0.4625151676835406,-0.4625151676835406,0.479742369480289,greedy-heads,exp/integrated/sweeps/cooking-time/esam_rho0.001-evaluation/0.toml,exp/integrated/sweeps/cooking-time/esam_rho0.001-greedy-heads-evaluation/0,False,23088
sweeps,cooking-time,esam_rho0.0025,0,RMSE,rmse,lower,0.46513258351328474,-0.46513258351328474,0.48253251942068065,best-head,exp/integrated/sweeps/cooking-time/esam_rho0.0025-evaluation/0.toml,exp/integrated/sweeps/cooking-time/esam_rho0.0025-best-head-evaluation/0,False,23088
sweeps,cooking-time,esam_rho0.0025,0,RMSE,rmse,lower,0.46246732196836127,-0.46246732196836127,0.4800169922135662,greedy-heads,exp/integrated/sweeps/cooking-time/esam_rho0.0025-evaluation/0.toml,exp/integrated/sweeps/cooking-time/esam_rho0.0025-greedy-heads-evaluation/0,False,23088
sweeps,cooking-time,esam_rho0.005,0,RMSE,rmse,lower,0.4651283707110853,-0.4651283707110853,0.4823068025931435,best-head,exp/integrated/sweeps/cooking-time/esam_rho0.005-evaluation/0.toml,exp/integrated/sweeps/cooking-time/esam_rho0.005-best-head-evaluation/0,False,23088
sweeps,cooking-time,esam_rho0.005,0,RMSE,rmse,lower,0.4625398779765968,-0.4625398779765968,0.4797024392153251,greedy-heads,exp/integrated/sweeps/cooking-time/esam_rho0.005-evaluation/0.toml,exp/integrated/sweeps/cooking-time/esam_rho0.005-greedy-heads-evaluation/0,False,23088
sweeps,cooking-time,mfb_keep0.7,0,RMSE,rmse,lower,0.46477365365967316,-0.46477365365967316,0.48197477680705497,best-head,exp/integrated/sweeps/cooking-time/mfb_keep0.7-evaluation/0.toml,exp/integrated/sweeps/cooking-time/mfb_keep0.7-best-head-evaluation/0,False,23088
sweeps,cooking-time,mfb_keep0.7,0,RMSE,rmse,lower,0.46249551448708903,-0.46249551448708903,0.47980768580603567,greedy-heads,exp/integrated/sweeps/cooking-time/mfb_keep0.7-evaluation/0.toml,exp/integrated/sweeps/cooking-time/mfb_keep0.7-greedy-heads-evaluation/0,False,23088
sweeps,cooking-time,mfb_keep0.8,0,RMSE,rmse,lower,0.4652213638497702,-0.4652213638497702,0.48343941871247514,best-head,exp/integrated/sweeps/cooking-time/mfb_keep0.8-evaluation/0.toml,exp/integrated/sweeps/cooking-time/mfb_keep0.8-best-head-evaluation/0,False,23088
sweeps,cooking-time,mfb_keep0.8,0,RMSE,rmse,lower,0.4624822561623469,-0.4624822561623469,0.4798057758257153,greedy-heads,exp/integrated/sweeps/cooking-time/mfb_keep0.8-evaluation/0.toml,exp/integrated/sweeps/cooking-time/mfb_keep0.8-greedy-heads-evaluation/0,False,23088
sweeps,cooking-time,mfb_keep0.9,0,RMSE,rmse,lower,0.465403548325863,-0.465403548325863,0.48311284423774803,best-head,exp/integrated/sweeps/cooking-time/mfb_keep0.9-evaluation/0.toml,exp/integrated/sweeps/cooking-time/mfb_keep0.9-best-head-evaluation/0,False,23088
sweeps,cooking-time,mfb_keep0.9,0,RMSE,rmse,lower,0.4625593198933149,-0.4625593198933149,0.479899744054174,greedy-heads,exp/integrated/sweeps/cooking-time/mfb_keep0.9-evaluation/0.toml,exp/integrated/sweeps/cooking-time/mfb_keep0.9-greedy-heads-evaluation/0,False,23088
sweeps,cooking-time,rla_rank4_noise0.001,0,RMSE,rmse,lower,0.4649795846661889,-0.4649795846661889,0.4827695666979872,best-head,exp/integrated/sweeps/cooking-time/rla_rank4_noise0.001-evaluation/0.toml,exp/integrated/sweeps/cooking-time/rla_rank4_noise0.001-best-head-evaluation/0,False,23088
sweeps,cooking-time,rla_rank4_noise0.001,0,RMSE,rmse,lower,0.4624107384246987,-0.4624107384246987,0.479974942646056,greedy-heads,exp/integrated/sweeps/cooking-time/rla_rank4_noise0.001-evaluation/0.toml,exp/integrated/sweeps/cooking-time/rla_rank4_noise0.001-greedy-heads-evaluation/0,False,23088
sweeps,cooking-time,esam_rho0.01,0,RMSE,rmse,lower,0.46502524927765376,-0.46502524927765376,0.48171681453527604,best-head,exp/integrated/sweeps/cooking-time/esam_rho0.01-evaluation/0.toml,exp/integrated/sweeps/cooking-time/esam_rho0.01-best-head-evaluation/0,False,23088
sweeps,cooking-time,esam_rho0.01,0,RMSE,rmse,lower,0.46260330683144324,-0.46260330683144324,0.47994838230926673,greedy-heads,exp/integrated/sweeps/cooking-time/esam_rho0.01-evaluation/0.toml,exp/integrated/sweeps/cooking-time/esam_rho0.01-greedy-heads-evaluation/0,False,23088
sweeps,cooking-time,cf_fisd_lambda0.05,0,RMSE,rmse,lower,0.4638214410008231,-0.4638214410008231,0.4819659035779245,best-head,exp/integrated/sweeps/cooking-time/cf_fisd_lambda0.05-evaluation/0.toml,exp/integrated/sweeps/cooking-time/cf_fisd_lambda0.05-best-head-evaluation/0,False,17982
sweeps,cooking-time,cf_fisd_lambda0.05,0,RMSE,rmse,lower,0.4628482268025946,-0.4628482268025946,0.4803119031248436,greedy-heads,exp/integrated/sweeps/cooking-time/cf_fisd_lambda0.05-evaluation/0.toml,exp/integrated/sweeps/cooking-time/cf_fisd_lambda0.05-greedy-heads-evaluation/0,False,17982
sweeps,cooking-time,rla_rank4_noise0.0001,0,RMSE,rmse,lower,0.4651183431272534,-0.4651183431272534,0.48213882482447107,best-head,exp/integrated/sweeps/cooking-time/rla_rank4_noise0.0001-evaluation/0.toml,exp/integrated/sweeps/cooking-time/rla_rank4_noise0.0001-best-head-evaluation/0,False,23088
sweeps,cooking-time,rla_rank4_noise0.0001,0,RMSE,rmse,lower,0.4624375326912171,-0.4624375326912171,0.48004674599435365,greedy-heads,exp/integrated/sweeps/cooking-time/rla_rank4_noise0.0001-evaluation/0.toml,exp/integrated/sweeps/cooking-time/rla_rank4_noise0.0001-greedy-heads-evaluation/0,False,23088
sweeps,cooking-time,mfb_keep0.95,0,RMSE,rmse,lower,0.4649031464912309,-0.4649031464912309,0.4828450127182003,best-head,exp/integrated/sweeps/cooking-time/mfb_keep0.95-evaluation/0.toml,exp/integrated/sweeps/cooking-time/mfb_keep0.95-best-head-evaluation/0,False,23088
sweeps,cooking-time,mfb_keep0.95,0,RMSE,rmse,lower,0.46250350473983365,-0.46250350473983365,0.4799452154615134,greedy-heads,exp/integrated/sweeps/cooking-time/mfb_keep0.95-evaluation/0.toml,exp/integrated/sweeps/cooking-time/mfb_keep0.95-greedy-heads-evaluation/0,False,23088
sweeps,cooking-time,cf_fisd_lambda0.1,0,RMSE,rmse,lower,0.46397138529545745,-0.46397138529545745,0.4813020969034895,best-head,exp/integrated/sweeps/cooking-time/cf_fisd_lambda0.1-evaluation/0.toml,exp/integrated/sweeps/cooking-time/cf_fisd_lambda0.1-best-head-evaluation/0,False,17982
sweeps,cooking-time,cf_fisd_lambda0.1,0,RMSE,rmse,lower,0.4629530240908241,-0.4629530240908241,0.480628211999089,greedy-heads,exp/integrated/sweeps/cooking-time/cf_fisd_lambda0.1-evaluation/0.toml,exp/integrated/sweeps/cooking-time/cf_fisd_lambda0.1-greedy-heads-evaluation/0,False,17982
sweeps,cooking-time,rla_rank4_noise1e-05,0,RMSE,rmse,lower,0.465206517587419,-0.465206517587419,0.4827162118838719,best-head,exp/integrated/sweeps/cooking-time/rla_rank4_noise1e-05-evaluation/0.toml,exp/integrated/sweeps/cooking-time/rla_rank4_noise1e-05-best-head-evaluation/0,False,23088
sweeps,cooking-time,rla_rank4_noise1e-05,0,RMSE,rmse,lower,0.46247985576887213,-0.46247985576887213,0.47992046986293,greedy-heads,exp/integrated/sweeps/cooking-time/rla_rank4_noise1e-05-evaluation/0.toml,exp/integrated/sweeps/cooking-time/rla_rank4_noise1e-05-greedy-heads-evaluation/0,False,23088
sweeps,cooking-time,cf_fisd_lambda0.2,0,RMSE,rmse,lower,0.4641009735445309,-0.4641009735445309,0.48193517064355434,best-head,exp/integrated/sweeps/cooking-time/cf_fisd_lambda0.2-evaluation/0.toml,exp/integrated/sweeps/cooking-time/cf_fisd_lambda0.2-best-head-evaluation/0,False,15096
sweeps,cooking-time,cf_fisd_lambda0.2,0,RMSE,rmse,lower,0.463044314080512,-0.463044314080512,0.4804926610439783,greedy-heads,exp/integrated/sweeps/cooking-time/cf_fisd_lambda0.2-evaluation/0.toml,exp/integrated/sweeps/cooking-time/cf_fisd_lambda0.2-greedy-heads-evaluation/0,False,15096
sweeps,cooking-time,mfb_cf_fisd,0,RMSE,rmse,lower,0.46410829401604725,-0.46410829401604725,0.4815192949196226,best-head,exp/integrated/sweeps/cooking-time/mfb_cf_fisd-evaluation/0.toml,exp/integrated/sweeps/cooking-time/mfb_cf_fisd-best-head-evaluation/0,False,17982
sweeps,cooking-time,mfb_cf_fisd,0,RMSE,rmse,lower,0.46284785656584665,-0.46284785656584665,0.4803782742299631,greedy-heads,exp/integrated/sweeps/cooking-time/mfb_cf_fisd-evaluation/0.toml,exp/integrated/sweeps/cooking-time/mfb_cf_fisd-greedy-heads-evaluation/0,False,17982
sweeps,cooking-time,rla_rank8_noise0.001,0,RMSE,rmse,lower,0.4648571653594056,-0.4648571653594056,0.4833629710740515,best-head,exp/integrated/sweeps/cooking-time/rla_rank8_noise0.001-evaluation/0.toml,exp/integrated/sweeps/cooking-time/rla_rank8_noise0.001-best-head-evaluation/0,False,23088
sweeps,cooking-time,rla_rank8_noise0.001,0,RMSE,rmse,lower,0.4624392405112558,-0.4624392405112558,0.4799761534270821,greedy-heads,exp/integrated/sweeps/cooking-time/rla_rank8_noise0.001-evaluation/0.toml,exp/integrated/sweeps/cooking-time/rla_rank8_noise0.001-greedy-heads-evaluation/0,False,23088
sweeps,cooking-time,rla_rank8_noise0.0001,0,RMSE,rmse,lower,0.46500539773966587,-0.46500539773966587,0.4826475534492275,best-head,exp/integrated/sweeps/cooking-time/rla_rank8_noise0.0001-evaluation/0.toml,exp/integrated/sweeps/cooking-time/rla_rank8_noise0.0001-best-head-evaluation/0,False,23088
sweeps,cooking-time,rla_rank8_noise0.0001,0,RMSE,rmse,lower,0.4625085630139665,-0.4625085630139665,0.4800564927891271,greedy-heads,exp/integrated/sweeps/cooking-time/rla_rank8_noise0.0001-evaluation/0.toml,exp/integrated/sweeps/cooking-time/rla_rank8_noise0.0001-greedy-heads-evaluation/0,False,23088
sweeps,cooking-time,rla_rank8_noise1e-05,0,RMSE,rmse,lower,0.46497304704958375,-0.46497304704958375,0.4824692397862243,best-head,exp/integrated/sweeps/cooking-time/rla_rank8_noise1e-05-evaluation/0.toml,exp/integrated/sweeps/cooking-time/rla_rank8_noise1e-05-best-head-evaluation/0,False,23088
sweeps,cooking-time,rla_rank8_noise1e-05,0,RMSE,rmse,lower,0.46244718340270563,-0.46244718340270563,0.4799796305248435,greedy-heads,exp/integrated/sweeps/cooking-time/rla_rank8_noise1e-05-evaluation/0.toml,exp/integrated/sweeps/cooking-time/rla_rank8_noise1e-05-greedy-heads-evaluation/0,False,23088
sweeps,cooking-time,rla_mfb,0,RMSE,rmse,lower,0.46542866555060514,-0.46542866555060514,0.48315113561982953,best-head,exp/integrated/sweeps/cooking-time/rla_mfb-evaluation/0.toml,exp/integrated/sweeps/cooking-time/rla_mfb-best-head-evaluation/0,False,23088
sweeps,cooking-time,rla_mfb,0,RMSE,rmse,lower,0.46255113731378883,-0.46255113731378883,0.4799569823688197,greedy-heads,exp/integrated/sweeps/cooking-time/rla_mfb-evaluation/0.toml,exp/integrated/sweeps/cooking-time/rla_mfb-greedy-heads-evaluation/0,False,23088
sweeps,cooking-time,esam_cf_fisd,0,RMSE,rmse,lower,0.4639245891190366,-0.4639245891190366,0.48198567488759675,best-head,exp/integrated/sweeps/cooking-time/esam_cf_fisd-evaluation/0.toml,exp/integrated/sweeps/cooking-time/esam_cf_fisd-best-head-evaluation/0,False,17982
sweeps,cooking-time,esam_cf_fisd,0,RMSE,rmse,lower,0.4629679265241866,-0.4629679265241866,0.4805148498004945,greedy-heads,exp/integrated/sweeps/cooking-time/esam_cf_fisd-evaluation/0.toml,exp/integrated/sweeps/cooking-time/esam_cf_fisd-greedy-heads-evaluation/0,False,17982
sweeps,cooking-time,esam_mfb,0,RMSE,rmse,lower,0.46541405002003006,-0.46541405002003006,0.4825725860549557,best-head,exp/integrated/sweeps/cooking-time/esam_mfb-evaluation/0.toml,exp/integrated/sweeps/cooking-time/esam_mfb-best-head-evaluation/0,False,23088
sweeps,cooking-time,esam_mfb,0,RMSE,rmse,lower,0.4625995219609569,-0.4625995219609569,0.47992605869184196,greedy-heads,exp/integrated/sweeps/cooking-time/esam_mfb-evaluation/0.toml,exp/integrated/sweeps/cooking-time/esam_mfb-greedy-heads-evaluation/0,False,23088
sweeps,cooking-time,all_minus_rla,0,RMSE,rmse,lower,0.4640838759408798,-0.4640838759408798,0.48156976542107044,best-head,exp/integrated/sweeps/cooking-time/all_minus_rla-evaluation/0.toml,exp/integrated/sweeps/cooking-time/all_minus_rla-best-head-evaluation/0,False,17982
sweeps,cooking-time,all_minus_rla,0,RMSE,rmse,lower,0.46292271885090186,-0.46292271885090186,0.48053390557368486,greedy-heads,exp/integrated/sweeps/cooking-time/all_minus_rla-evaluation/0.toml,exp/integrated/sweeps/cooking-time/all_minus_rla-greedy-heads-evaluation/0,False,17982
sweeps,cooking-time,rla_cf_fisd,0,RMSE,rmse,lower,0.4638249749501882,-0.4638249749501882,0.4819157837704579,best-head,exp/integrated/sweeps/cooking-time/rla_cf_fisd-evaluation/0.toml,exp/integrated/sweeps/cooking-time/rla_cf_fisd-best-head-evaluation/0,False,17982
sweeps,cooking-time,rla_cf_fisd,0,RMSE,rmse,lower,0.4627888241622746,-0.4627888241622746,0.480810230139191,greedy-heads,exp/integrated/sweeps/cooking-time/rla_cf_fisd-evaluation/0.toml,exp/integrated/sweeps/cooking-time/rla_cf_fisd-greedy-heads-evaluation/0,False,17982
sweeps,cooking-time,all_minus_esam,0,RMSE,rmse,lower,0.46397896473985684,-0.46397896473985684,0.481064806640852,best-head,exp/integrated/sweeps/cooking-time/all_minus_esam-evaluation/0.toml,exp/integrated/sweeps/cooking-time/all_minus_esam-best-head-evaluation/0,False,17982
sweeps,cooking-time,all_minus_esam,0,RMSE,rmse,lower,0.4629167637909319,-0.4629167637909319,0.4803221564231222,greedy-heads,exp/integrated/sweeps/cooking-time/all_minus_esam-evaluation/0.toml,exp/integrated/sweeps/cooking-time/all_minus_esam-greedy-heads-evaluation/0,False,17982
sweeps,cooking-time,rla_esam,0,RMSE,rmse,lower,0.46492255368357066,-0.46492255368357066,0.4825495500767423,best-head,exp/integrated/sweeps/cooking-time/rla_esam-evaluation/0.toml,exp/integrated/sweeps/cooking-time/rla_esam-best-head-evaluation/0,False,23088
sweeps,cooking-time,rla_esam,0,RMSE,rmse,lower,0.4624234187671886,-0.4624234187671886,0.4800586966547807,greedy-heads,exp/integrated/sweeps/cooking-time/rla_esam-evaluation/0.toml,exp/integrated/sweeps/cooking-time/rla_esam-greedy-heads-evaluation/0,False,23088
sweeps,cooking-time,all_minus_cf_fisd,0,RMSE,rmse,lower,0.4649621508176366,-0.4649621508176366,0.48187581714110606,best-head,exp/integrated/sweeps/cooking-time/all_minus_cf_fisd-evaluation/0.toml,exp/integrated/sweeps/cooking-time/all_minus_cf_fisd-best-head-evaluation/0,False,17982
sweeps,cooking-time,all_minus_cf_fisd,0,RMSE,rmse,lower,0.46276401446104365,-0.46276401446104365,0.4800152693247022,greedy-heads,exp/integrated/sweeps/cooking-time/all_minus_cf_fisd-evaluation/0.toml,exp/integrated/sweeps/cooking-time/all_minus_cf_fisd-greedy-heads-evaluation/0,False,17982
sweeps,cooking-time,all_minus_mfb,0,RMSE,rmse,lower,0.46380663024741176,-0.46380663024741176,0.48139068107848576,best-head,exp/integrated/sweeps/cooking-time/all_minus_mfb-evaluation/0.toml,exp/integrated/sweeps/cooking-time/all_minus_mfb-best-head-evaluation/0,False,17982
sweeps,cooking-time,all_minus_mfb,0,RMSE,rmse,lower,0.4628484521639483,-0.4628484521639483,0.4805722784138239,greedy-heads,exp/integrated/sweeps/cooking-time/all_minus_mfb-evaluation/0.toml,exp/integrated/sweeps/cooking-time/all_minus_mfb-greedy-heads-evaluation/0,False,17982
sweeps,cooking-time,all_four_combined,0,RMSE,rmse,lower,0.46391938568359065,-0.46391938568359065,0.48142889277254225,best-head,exp/integrated/sweeps/cooking-time/all_four_combined-evaluation/0.toml,exp/integrated/sweeps/cooking-time/all_four_combined-best-head-evaluation/0,False,17982
sweeps,cooking-time,all_four_combined,0,RMSE,rmse,lower,0.4629352081332738,-0.4629352081332738,0.4802514336856013,greedy-heads,exp/integrated/sweeps/cooking-time/all_four_combined-evaluation/0.toml,exp/integrated/sweeps/cooking-time/all_four_combined-greedy-heads-evaluation/0,False,17982
sweeps,delivery-eta,rla_rank2_noise0.001,0,RMSE,rmse,lower,0.5556336245387727,-0.5556336245387727,0.5518591323593222,mean,exp/integrated/sweeps/delivery-eta/rla_rank2_noise0.001-evaluation/0.toml,exp/integrated/sweeps/delivery-eta/rla_rank2_noise0.001-evaluation/0,False,1365
sweeps,delivery-eta,rla_rank2_noise0.0001,0,RMSE,rmse,lower,0.5558827645265865,-0.5558827645265865,0.5504866820118107,mean,exp/integrated/sweeps/delivery-eta/rla_rank2_noise0.0001-evaluation/0.toml,exp/integrated/sweeps/delivery-eta/rla_rank2_noise0.0001-evaluation/0,False,1365
sweeps,delivery-eta,rla_rank2_noise1e-05,0,RMSE,rmse,lower,0.5559787764083384,-0.5559787764083384,0.5500968306007196,mean,exp/integrated/sweeps/delivery-eta/rla_rank2_noise1e-05-evaluation/0.toml,exp/integrated/sweeps/delivery-eta/rla_rank2_noise1e-05-evaluation/0,False,1365
sweeps,delivery-eta,rla_rank4_noise0.001,0,RMSE,rmse,lower,0.5564461619356259,-0.5564461619356259,0.5491469465177617,mean,exp/integrated/sweeps/delivery-eta/rla_rank4_noise0.001-evaluation/0.toml,exp/integrated/sweeps/delivery-eta/rla_rank4_noise0.001-evaluation/0,False,1365
sweeps,delivery-eta,rla_rank4_noise0.0001,0,RMSE,rmse,lower,0.5556926485294449,-0.5556926485294449,0.5502675684403805,mean,exp/integrated/sweeps/delivery-eta/rla_rank4_noise0.0001-evaluation/0.toml,exp/integrated/sweeps/delivery-eta/rla_rank4_noise0.0001-evaluation/0,False,1365
sweeps,delivery-eta,rla_rank4_noise1e-05,0,RMSE,rmse,lower,0.5560204514474498,-0.5560204514474498,0.5515690033180755,mean,exp/integrated/sweeps/delivery-eta/rla_rank4_noise1e-05-evaluation/0.toml,exp/integrated/sweeps/delivery-eta/rla_rank4_noise1e-05-evaluation/0,False,1365
sweeps,delivery-eta,rla_rank8_noise0.001,0,RMSE,rmse,lower,0.5561609443354546,-0.5561609443354546,0.5482846212731874,mean,exp/integrated/sweeps/delivery-eta/rla_rank8_noise0.001-evaluation/0.toml,exp/integrated/sweeps/delivery-eta/rla_rank8_noise0.001-evaluation/0,False,1638
sweeps,delivery-eta,rla_rank8_noise0.0001,0,RMSE,rmse,lower,0.5572424061712593,-0.5572424061712593,0.546917368746242,mean,exp/integrated/sweeps/delivery-eta/rla_rank8_noise0.0001-evaluation/0.toml,exp/integrated/sweeps/delivery-eta/rla_rank8_noise0.0001-evaluation/0,False,1365
sweeps,delivery-eta,rla_rank8_noise1e-05,0,RMSE,rmse,lower,0.5558005167077797,-0.5558005167077797,0.5500678724978622,mean,exp/integrated/sweeps/delivery-eta/rla_rank8_noise1e-05-evaluation/0.toml,exp/integrated/sweeps/delivery-eta/rla_rank8_noise1e-05-evaluation/0,False,1365
sweeps,delivery-eta,esam_rho0.001,0,RMSE,rmse,lower,0.5561053998926777,-0.5561053998926777,0.5493164333767354,mean,exp/integrated/sweeps/delivery-eta/esam_rho0.001-evaluation/0.toml,exp/integrated/sweeps/delivery-eta/esam_rho0.001-evaluation/0,False,1365
sweeps,delivery-eta,esam_rho0.0025,0,RMSE,rmse,lower,0.5559746489354217,-0.5559746489354217,0.5535077457230605,mean,exp/integrated/sweeps/delivery-eta/esam_rho0.0025-evaluation/0.toml,exp/integrated/sweeps/delivery-eta/esam_rho0.0025-evaluation/0,False,2184
sweeps,delivery-eta,esam_rho0.005,0,RMSE,rmse,lower,0.5556360918188752,-0.5556360918188752,0.5494649592968895,mean,exp/integrated/sweeps/delivery-eta/esam_rho0.005-evaluation/0.toml,exp/integrated/sweeps/delivery-eta/esam_rho0.005-evaluation/0,False,2184
sweeps,delivery-eta,esam_rho0.01,0,RMSE,rmse,lower,0.555695893192201,-0.555695893192201,0.5503082950221266,mean,exp/integrated/sweeps/delivery-eta/esam_rho0.01-evaluation/0.toml,exp/integrated/sweeps/delivery-eta/esam_rho0.01-evaluation/0,False,1365
sweeps,delivery-eta,mfb_keep0.7,0,RMSE,rmse,lower,0.5576335149669441,-0.5576335149669441,0.5507854163911843,mean,exp/integrated/sweeps/delivery-eta/mfb_keep0.7-evaluation/0.toml,exp/integrated/sweeps/delivery-eta/mfb_keep0.7-evaluation/0,False,2730
sweeps,delivery-eta,mfb_keep0.8,0,RMSE,rmse,lower,0.5567305910455574,-0.5567305910455574,0.5489749915571137,mean,exp/integrated/sweeps/delivery-eta/mfb_keep0.8-evaluation/0.toml,exp/integrated/sweeps/delivery-eta/mfb_keep0.8-evaluation/0,False,2730
sweeps,delivery-eta,mfb_keep0.9,0,RMSE,rmse,lower,0.5560026829864069,-0.5560026829864069,0.5501201530906976,mean,exp/integrated/sweeps/delivery-eta/mfb_keep0.9-evaluation/0.toml,exp/integrated/sweeps/delivery-eta/mfb_keep0.9-evaluation/0,False,2184
sweeps,delivery-eta,mfb_keep0.95,0,RMSE,rmse,lower,0.5557158166151223,-0.5557158166151223,0.5496765041498511,mean,exp/integrated/sweeps/delivery-eta/mfb_keep0.95-evaluation/0.toml,exp/integrated/sweeps/delivery-eta/mfb_keep0.95-evaluation/0,False,2184
sweeps,delivery-eta,cf_fisd_lambda0.05,0,RMSE,rmse,lower,0.5562445854609275,-0.5562445854609275,0.5504166498793033,mean,exp/integrated/sweeps/delivery-eta/cf_fisd_lambda0.05-evaluation/0.toml,exp/integrated/sweeps/delivery-eta/cf_fisd_lambda0.05-evaluation/0,False,2184
sweeps,delivery-eta,cf_fisd_lambda0.1,0,RMSE,rmse,lower,0.5562691235201772,-0.5562691235201772,0.5515996385557942,mean,exp/integrated/sweeps/delivery-eta/cf_fisd_lambda0.1-evaluation/0.toml,exp/integrated/sweeps/delivery-eta/cf_fisd_lambda0.1-evaluation/0,False,3003
sweeps,delivery-eta,cf_fisd_lambda0.2,0,RMSE,rmse,lower,0.5565664676993906,-0.5565664676993906,0.5475279860550825,mean,exp/integrated/sweeps/delivery-eta/cf_fisd_lambda0.2-evaluation/0.toml,exp/integrated/sweeps/delivery-eta/cf_fisd_lambda0.2-evaluation/0,False,1638
sweeps,delivery-eta,rla_esam,0,RMSE,rmse,lower,0.5559417888696784,-0.5559417888696784,0.5541331785404355,mean,exp/integrated/sweeps/delivery-eta/rla_esam-evaluation/0.toml,exp/integrated/sweeps/delivery-eta/rla_esam-evaluation/0,False,1365
sweeps,delivery-eta,rla_mfb,0,RMSE,rmse,lower,0.5559017430643394,-0.5559017430643394,0.5492186599232151,mean,exp/integrated/sweeps/delivery-eta/rla_mfb-evaluation/0.toml,exp/integrated/sweeps/delivery-eta/rla_mfb-evaluation/0,False,1365
sweeps,delivery-eta,rla_cf_fisd,0,RMSE,rmse,lower,0.556067616855386,-0.556067616855386,0.5512732344334902,mean,exp/integrated/sweeps/delivery-eta/rla_cf_fisd-evaluation/0.toml,exp/integrated/sweeps/delivery-eta/rla_cf_fisd-evaluation/0,False,1638
sweeps,delivery-eta,esam_mfb,0,RMSE,rmse,lower,0.5560703233852616,-0.5560703233852616,0.5508616503748457,mean,exp/integrated/sweeps/delivery-eta/esam_mfb-evaluation/0.toml,exp/integrated/sweeps/delivery-eta/esam_mfb-evaluation/0,False,2730
sweeps,delivery-eta,esam_cf_fisd,0,RMSE,rmse,lower,0.5562165100217151,-0.5562165100217151,0.5500920359593422,mean,exp/integrated/sweeps/delivery-eta/esam_cf_fisd-evaluation/0.toml,exp/integrated/sweeps/delivery-eta/esam_cf_fisd-evaluation/0,False,1638
sweeps,delivery-eta,mfb_cf_fisd,0,RMSE,rmse,lower,0.55593889408891,-0.55593889408891,0.5537058512136184,mean,exp/integrated/sweeps/delivery-eta/mfb_cf_fisd-evaluation/0.toml,exp/integrated/sweeps/delivery-eta/mfb_cf_fisd-evaluation/0,False,1638
sweeps,delivery-eta,all_four_combined,0,RMSE,rmse,lower,0.5560789252392828,-0.5560789252392828,0.5493995976501785,mean,exp/integrated/sweeps/delivery-eta/all_four_combined-evaluation/0.toml,exp/integrated/sweeps/delivery-eta/all_four_combined-evaluation/0,False,1638
sweeps,delivery-eta,all_minus_rla,0,RMSE,rmse,lower,0.5560596579733861,-0.5560596579733861,0.5513667248174312,mean,exp/integrated/sweeps/delivery-eta/all_minus_rla-evaluation/0.toml,exp/integrated/sweeps/delivery-eta/all_minus_rla-evaluation/0,False,1638
sweeps,delivery-eta,all_minus_esam,0,RMSE,rmse,lower,0.556102345189303,-0.556102345189303,0.5505710768952337,mean,exp/integrated/sweeps/delivery-eta/all_minus_esam-evaluation/0.toml,exp/integrated/sweeps/delivery-eta/all_minus_esam-evaluation/0,False,1365
sweeps,delivery-eta,all_minus_mfb,0,RMSE,rmse,lower,0.5571737580629273,-0.5571737580629273,0.5527981832493051,mean,exp/integrated/sweeps/delivery-eta/all_minus_mfb-evaluation/0.toml,exp/integrated/sweeps/delivery-eta/all_minus_mfb-evaluation/0,False,2184
sweeps,delivery-eta,all_minus_cf_fisd,0,RMSE,rmse,lower,0.5563682291205534,-0.5563682291205534,0.5506428213190716,mean,exp/integrated/sweeps/delivery-eta/all_minus_cf_fisd-evaluation/0.toml,exp/integrated/sweeps/delivery-eta/all_minus_cf_fisd-evaluation/0,False,2184
sweeps,delivery-eta,rla_rank2_noise0.001,0,RMSE,rmse,lower,0.5574634025946379,-0.5574634025946379,0.5547066537478277,best-head,exp/integrated/sweeps/delivery-eta/rla_rank2_noise0.001-evaluation/0.toml,exp/integrated/sweeps/delivery-eta/rla_rank2_noise0.001-best-head-evaluation/0,False,1365
sweeps,delivery-eta,rla_rank2_noise0.001,0,RMSE,rmse,lower,0.5552720495549479,-0.5552720495549479,0.5524877260752137,greedy-heads,exp/integrated/sweeps/delivery-eta/rla_rank2_noise0.001-evaluation/0.toml,exp/integrated/sweeps/delivery-eta/rla_rank2_noise0.001-greedy-heads-evaluation/0,False,1365
sweeps,delivery-eta,rla_rank2_noise0.0001,0,RMSE,rmse,lower,0.5574308976082757,-0.5574308976082757,0.5550464489547554,best-head,exp/integrated/sweeps/delivery-eta/rla_rank2_noise0.0001-evaluation/0.toml,exp/integrated/sweeps/delivery-eta/rla_rank2_noise0.0001-best-head-evaluation/0,False,1365
sweeps,delivery-eta,rla_rank2_noise0.0001,0,RMSE,rmse,lower,0.5553755991930566,-0.5553755991930566,0.5516112816611277,greedy-heads,exp/integrated/sweeps/delivery-eta/rla_rank2_noise0.0001-evaluation/0.toml,exp/integrated/sweeps/delivery-eta/rla_rank2_noise0.0001-greedy-heads-evaluation/0,False,1365
sweeps,delivery-eta,rla_rank2_noise1e-05,0,RMSE,rmse,lower,0.5574473374558679,-0.5574473374558679,0.5570882235759158,best-head,exp/integrated/sweeps/delivery-eta/rla_rank2_noise1e-05-evaluation/0.toml,exp/integrated/sweeps/delivery-eta/rla_rank2_noise1e-05-best-head-evaluation/0,False,1365
sweeps,delivery-eta,rla_rank2_noise1e-05,0,RMSE,rmse,lower,0.5553479091365543,-0.5553479091365543,0.5511482044438852,greedy-heads,exp/integrated/sweeps/delivery-eta/rla_rank2_noise1e-05-evaluation/0.toml,exp/integrated/sweeps/delivery-eta/rla_rank2_noise1e-05-greedy-heads-evaluation/0,False,1365
sweeps,delivery-eta,rla_rank4_noise0.001,0,RMSE,rmse,lower,0.5571872637155045,-0.5571872637155045,0.5515561165588831,best-head,exp/integrated/sweeps/delivery-eta/rla_rank4_noise0.001-evaluation/0.toml,exp/integrated/sweeps/delivery-eta/rla_rank4_noise0.001-best-head-evaluation/0,False,1365
sweeps,delivery-eta,rla_rank4_noise0.001,0,RMSE,rmse,lower,0.5552950473462183,-0.5552950473462183,0.5512393912767233,greedy-heads,exp/integrated/sweeps/delivery-eta/rla_rank4_noise0.001-evaluation/0.toml,exp/integrated/sweeps/delivery-eta/rla_rank4_noise0.001-greedy-heads-evaluation/0,False,1365
sweeps,delivery-eta,rla_rank4_noise0.0001,0,RMSE,rmse,lower,0.5573103773832353,-0.5573103773832353,0.5532468973961396,best-head,exp/integrated/sweeps/delivery-eta/rla_rank4_noise0.0001-evaluation/0.toml,exp/integrated/sweeps/delivery-eta/rla_rank4_noise0.0001-best-head-evaluation/0,False,1365
sweeps,delivery-eta,rla_rank4_noise0.0001,0,RMSE,rmse,lower,0.5553051102575359,-0.5553051102575359,0.5508335169889497,greedy-heads,exp/integrated/sweeps/delivery-eta/rla_rank4_noise0.0001-evaluation/0.toml,exp/integrated/sweeps/delivery-eta/rla_rank4_noise0.0001-greedy-heads-evaluation/0,False,1365
sweeps,delivery-eta,esam_rho0.001,0,RMSE,rmse,lower,0.5577754983463842,-0.5577754983463842,0.5539871683993082,best-head,exp/integrated/sweeps/delivery-eta/esam_rho0.001-evaluation/0.toml,exp/integrated/sweeps/delivery-eta/esam_rho0.001-best-head-evaluation/0,False,1365
sweeps,delivery-eta,esam_rho0.001,0,RMSE,rmse,lower,0.5555279503030305,-0.5555279503030305,0.5511287648017675,greedy-heads,exp/integrated/sweeps/delivery-eta/esam_rho0.001-evaluation/0.toml,exp/integrated/sweeps/delivery-eta/esam_rho0.001-greedy-heads-evaluation/0,False,1365
sweeps,delivery-eta,rla_rank4_noise1e-05,0,RMSE,rmse,lower,0.5569447272303437,-0.5569447272303437,0.5529624818746817,best-head,exp/integrated/sweeps/delivery-eta/rla_rank4_noise1e-05-evaluation/0.toml,exp/integrated/sweeps/delivery-eta/rla_rank4_noise1e-05-best-head-evaluation/0,False,1365
sweeps,delivery-eta,rla_rank4_noise1e-05,0,RMSE,rmse,lower,0.5553112552523684,-0.5553112552523684,0.552273210826067,greedy-heads,exp/integrated/sweeps/delivery-eta/rla_rank4_noise1e-05-evaluation/0.toml,exp/integrated/sweeps/delivery-eta/rla_rank4_noise1e-05-greedy-heads-evaluation/0,False,1365
sweeps,delivery-eta,esam_rho0.0025,0,RMSE,rmse,lower,0.5594097126680496,-0.5594097126680496,0.5568830263477744,best-head,exp/integrated/sweeps/delivery-eta/esam_rho0.0025-evaluation/0.toml,exp/integrated/sweeps/delivery-eta/esam_rho0.0025-best-head-evaluation/0,False,2184
sweeps,delivery-eta,esam_rho0.0025,0,RMSE,rmse,lower,0.5555843034564808,-0.5555843034564808,0.5528859176747987,greedy-heads,exp/integrated/sweeps/delivery-eta/esam_rho0.0025-evaluation/0.toml,exp/integrated/sweeps/delivery-eta/esam_rho0.0025-greedy-heads-evaluation/0,False,2184
sweeps,delivery-eta,esam_rho0.005,0,RMSE,rmse,lower,0.5582863288518123,-0.5582863288518123,0.5560390501031047,best-head,exp/integrated/sweeps/delivery-eta/esam_rho0.005-evaluation/0.toml,exp/integrated/sweeps/delivery-eta/esam_rho0.005-best-head-evaluation/0,False,2184
sweeps,delivery-eta,esam_rho0.005,0,RMSE,rmse,lower,0.5551513290724005,-0.5551513290724005,0.5507488105906536,greedy-heads,exp/integrated/sweeps/delivery-eta/esam_rho0.005-evaluation/0.toml,exp/integrated/sweeps/delivery-eta/esam_rho0.005-greedy-heads-evaluation/0,False,2184
sweeps,delivery-eta,esam_rho0.01,0,RMSE,rmse,lower,0.5577866919608585,-0.5577866919608585,0.5538906498744642,best-head,exp/integrated/sweeps/delivery-eta/esam_rho0.01-evaluation/0.toml,exp/integrated/sweeps/delivery-eta/esam_rho0.01-best-head-evaluation/0,False,1365
sweeps,delivery-eta,esam_rho0.01,0,RMSE,rmse,lower,0.5553495995574796,-0.5553495995574796,0.5513616169057922,greedy-heads,exp/integrated/sweeps/delivery-eta/esam_rho0.01-evaluation/0.toml,exp/integrated/sweeps/delivery-eta/esam_rho0.01-greedy-heads-evaluation/0,False,1365
sweeps,delivery-eta,rla_rank8_noise0.0001,0,RMSE,rmse,lower,0.5573390661266857,-0.5573390661266857,0.5535791095517189,best-head,exp/integrated/sweeps/delivery-eta/rla_rank8_noise0.0001-evaluation/0.toml,exp/integrated/sweeps/delivery-eta/rla_rank8_noise0.0001-best-head-evaluation/0,False,1365
sweeps,delivery-eta,rla_rank8_noise0.0001,0,RMSE,rmse,lower,0.5558846409645507,-0.5558846409645507,0.5506559188769905,greedy-heads,exp/integrated/sweeps/delivery-eta/rla_rank8_noise0.0001-evaluation/0.toml,exp/integrated/sweeps/delivery-eta/rla_rank8_noise0.0001-greedy-heads-evaluation/0,False,1365
sweeps,delivery-eta,rla_rank8_noise0.001,0,RMSE,rmse,lower,0.5576981787979653,-0.5576981787979653,0.5514806270620619,best-head,exp/integrated/sweeps/delivery-eta/rla_rank8_noise0.001-evaluation/0.toml,exp/integrated/sweeps/delivery-eta/rla_rank8_noise0.001-best-head-evaluation/0,False,1638
sweeps,delivery-eta,rla_rank8_noise0.001,0,RMSE,rmse,lower,0.5556463362777673,-0.5556463362777673,0.5491140035096563,greedy-heads,exp/integrated/sweeps/delivery-eta/rla_rank8_noise0.001-evaluation/0.toml,exp/integrated/sweeps/delivery-eta/rla_rank8_noise0.001-greedy-heads-evaluation/0,False,1638
sweeps,delivery-eta,rla_rank8_noise1e-05,0,RMSE,rmse,lower,0.5574517747950514,-0.5574517747950514,0.5534907850292722,best-head,exp/integrated/sweeps/delivery-eta/rla_rank8_noise1e-05-evaluation/0.toml,exp/integrated/sweeps/delivery-eta/rla_rank8_noise1e-05-best-head-evaluation/0,False,1365
sweeps,delivery-eta,rla_rank8_noise1e-05,0,RMSE,rmse,lower,0.5553793554897237,-0.5553793554897237,0.5521969288494308,greedy-heads,exp/integrated/sweeps/delivery-eta/rla_rank8_noise1e-05-evaluation/0.toml,exp/integrated/sweeps/delivery-eta/rla_rank8_noise1e-05-greedy-heads-evaluation/0,False,1365
sweeps,delivery-eta,cf_fisd_lambda0.2,0,RMSE,rmse,lower,0.5568247172798395,-0.5568247172798395,0.5526535729970853,best-head,exp/integrated/sweeps/delivery-eta/cf_fisd_lambda0.2-evaluation/0.toml,exp/integrated/sweeps/delivery-eta/cf_fisd_lambda0.2-best-head-evaluation/0,False,1638
sweeps,delivery-eta,cf_fisd_lambda0.2,0,RMSE,rmse,lower,0.5558508909198594,-0.5558508909198594,0.5511616144232316,greedy-heads,exp/integrated/sweeps/delivery-eta/cf_fisd_lambda0.2-evaluation/0.toml,exp/integrated/sweeps/delivery-eta/cf_fisd_lambda0.2-greedy-heads-evaluation/0,False,1638
sweeps,delivery-eta,cf_fisd_lambda0.05,0,RMSE,rmse,lower,0.557661572508718,-0.557661572508718,0.553144673358601,best-head,exp/integrated/sweeps/delivery-eta/cf_fisd_lambda0.05-evaluation/0.toml,exp/integrated/sweeps/delivery-eta/cf_fisd_lambda0.05-best-head-evaluation/0,False,2184
sweeps,delivery-eta,cf_fisd_lambda0.05,0,RMSE,rmse,lower,0.5556691040453957,-0.5556691040453957,0.5521822756750591,greedy-heads,exp/integrated/sweeps/delivery-eta/cf_fisd_lambda0.05-evaluation/0.toml,exp/integrated/sweeps/delivery-eta/cf_fisd_lambda0.05-greedy-heads-evaluation/0,False,2184
sweeps,delivery-eta,mfb_cf_fisd,0,RMSE,rmse,lower,0.556619663847731,-0.556619663847731,0.55593546321811,best-head,exp/integrated/sweeps/delivery-eta/mfb_cf_fisd-evaluation/0.toml,exp/integrated/sweeps/delivery-eta/mfb_cf_fisd-best-head-evaluation/0,False,1638
sweeps,delivery-eta,mfb_cf_fisd,0,RMSE,rmse,lower,0.5555428639260286,-0.5555428639260286,0.5513865344186518,greedy-heads,exp/integrated/sweeps/delivery-eta/mfb_cf_fisd-evaluation/0.toml,exp/integrated/sweeps/delivery-eta/mfb_cf_fisd-greedy-heads-evaluation/0,False,1638
sweeps,delivery-eta,mfb_keep0.95,0,RMSE,rmse,lower,0.5584568843028204,-0.5584568843028204,0.5549022634897627,best-head,exp/integrated/sweeps/delivery-eta/mfb_keep0.95-evaluation/0.toml,exp/integrated/sweeps/delivery-eta/mfb_keep0.95-best-head-evaluation/0,False,2184
sweeps,delivery-eta,mfb_keep0.9,0,RMSE,rmse,lower,0.5590040394051904,-0.5590040394051904,0.5557457406296488,best-head,exp/integrated/sweeps/delivery-eta/mfb_keep0.9-evaluation/0.toml,exp/integrated/sweeps/delivery-eta/mfb_keep0.9-best-head-evaluation/0,False,2184
sweeps,delivery-eta,mfb_keep0.95,0,RMSE,rmse,lower,0.5552807442811304,-0.5552807442811304,0.5512821544083845,greedy-heads,exp/integrated/sweeps/delivery-eta/mfb_keep0.95-evaluation/0.toml,exp/integrated/sweeps/delivery-eta/mfb_keep0.95-greedy-heads-evaluation/0,False,2184
sweeps,delivery-eta,mfb_keep0.9,0,RMSE,rmse,lower,0.5555016895512279,-0.5555016895512279,0.5503428181880856,greedy-heads,exp/integrated/sweeps/delivery-eta/mfb_keep0.9-evaluation/0.toml,exp/integrated/sweeps/delivery-eta/mfb_keep0.9-greedy-heads-evaluation/0,False,2184
sweeps,delivery-eta,cf_fisd_lambda0.1,0,RMSE,rmse,lower,0.5580564462352832,-0.5580564462352832,0.5528824139554394,best-head,exp/integrated/sweeps/delivery-eta/cf_fisd_lambda0.1-evaluation/0.toml,exp/integrated/sweeps/delivery-eta/cf_fisd_lambda0.1-best-head-evaluation/0,False,3003
sweeps,delivery-eta,cf_fisd_lambda0.1,0,RMSE,rmse,lower,0.5559326756199947,-0.5559326756199947,0.5522105562224877,greedy-heads,exp/integrated/sweeps/delivery-eta/cf_fisd_lambda0.1-evaluation/0.toml,exp/integrated/sweeps/delivery-eta/cf_fisd_lambda0.1-greedy-heads-evaluation/0,False,3003
sweeps,delivery-eta,mfb_keep0.7,0,RMSE,rmse,lower,0.5595885535124743,-0.5595885535124743,0.5534224254724212,best-head,exp/integrated/sweeps/delivery-eta/mfb_keep0.7-evaluation/0.toml,exp/integrated/sweeps/delivery-eta/mfb_keep0.7-best-head-evaluation/0,False,2730
sweeps,delivery-eta,mfb_keep0.7,0,RMSE,rmse,lower,0.5551008108444078,-0.5551008108444078,0.5501919833980724,greedy-heads,exp/integrated/sweeps/delivery-eta/mfb_keep0.7-evaluation/0.toml,exp/integrated/sweeps/delivery-eta/mfb_keep0.7-greedy-heads-evaluation/0,False,2730
sweeps,delivery-eta,mfb_keep0.8,0,RMSE,rmse,lower,0.5594878077640214,-0.5594878077640214,0.5558040556519808,best-head,exp/integrated/sweeps/delivery-eta/mfb_keep0.8-evaluation/0.toml,exp/integrated/sweeps/delivery-eta/mfb_keep0.8-best-head-evaluation/0,False,2730
sweeps,delivery-eta,mfb_keep0.8,0,RMSE,rmse,lower,0.5554990875501031,-0.5554990875501031,0.5493161621093208,greedy-heads,exp/integrated/sweeps/delivery-eta/mfb_keep0.8-evaluation/0.toml,exp/integrated/sweeps/delivery-eta/mfb_keep0.8-greedy-heads-evaluation/0,False,2730
sweeps,delivery-eta,esam_cf_fisd,0,RMSE,rmse,lower,0.5568538056781229,-0.5568538056781229,0.5520497317854985,best-head,exp/integrated/sweeps/delivery-eta/esam_cf_fisd-evaluation/0.toml,exp/integrated/sweeps/delivery-eta/esam_cf_fisd-best-head-evaluation/0,False,1638
sweeps,delivery-eta,esam_cf_fisd,0,RMSE,rmse,lower,0.5558497381815869,-0.5558497381815869,0.5508600814353861,greedy-heads,exp/integrated/sweeps/delivery-eta/esam_cf_fisd-evaluation/0.toml,exp/integrated/sweeps/delivery-eta/esam_cf_fisd-greedy-heads-evaluation/0,False,1638
sweeps,delivery-eta,all_minus_rla,0,RMSE,rmse,lower,0.5572234465535005,-0.5572234465535005,0.5525491087220346,best-head,exp/integrated/sweeps/delivery-eta/all_minus_rla-evaluation/0.toml,exp/integrated/sweeps/delivery-eta/all_minus_rla-best-head-evaluation/0,False,1638
sweeps,delivery-eta,all_minus_rla,0,RMSE,rmse,lower,0.5556365745463094,-0.5556365745463094,0.5515955863733182,greedy-heads,exp/integrated/sweeps/delivery-eta/all_minus_rla-evaluation/0.toml,exp/integrated/sweeps/delivery-eta/all_minus_rla-greedy-heads-evaluation/0,False,1638
sweeps,delivery-eta,esam_mfb,0,RMSE,rmse,lower,0.5602888251013873,-0.5602888251013873,0.5556835311938418,best-head,exp/integrated/sweeps/delivery-eta/esam_mfb-evaluation/0.toml,exp/integrated/sweeps/delivery-eta/esam_mfb-best-head-evaluation/0,False,2730
sweeps,delivery-eta,esam_mfb,0,RMSE,rmse,lower,0.5556538720026133,-0.5556538720026133,0.5520326723090689,greedy-heads,exp/integrated/sweeps/delivery-eta/esam_mfb-evaluation/0.toml,exp/integrated/sweeps/delivery-eta/esam_mfb-greedy-heads-evaluation/0,False,2730
sweeps,delivery-eta,rla_cf_fisd,0,RMSE,rmse,lower,0.5567133805762534,-0.5567133805762534,0.5518657747493417,best-head,exp/integrated/sweeps/delivery-eta/rla_cf_fisd-evaluation/0.toml,exp/integrated/sweeps/delivery-eta/rla_cf_fisd-best-head-evaluation/0,False,1638
sweeps,delivery-eta,rla_cf_fisd,0,RMSE,rmse,lower,0.55586820851409,-0.55586820851409,0.5514142072129953,greedy-heads,exp/integrated/sweeps/delivery-eta/rla_cf_fisd-evaluation/0.toml,exp/integrated/sweeps/delivery-eta/rla_cf_fisd-greedy-heads-evaluation/0,False,1638
sweeps,delivery-eta,rla_mfb,0,RMSE,rmse,lower,0.5579516581852805,-0.5579516581852805,0.5533480523154869,best-head,exp/integrated/sweeps/delivery-eta/rla_mfb-evaluation/0.toml,exp/integrated/sweeps/delivery-eta/rla_mfb-best-head-evaluation/0,False,1365
sweeps,delivery-eta,rla_mfb,0,RMSE,rmse,lower,0.5554524372350571,-0.5554524372350571,0.5505269863779684,greedy-heads,exp/integrated/sweeps/delivery-eta/rla_mfb-evaluation/0.toml,exp/integrated/sweeps/delivery-eta/rla_mfb-greedy-heads-evaluation/0,False,1365
sweeps,delivery-eta,all_minus_esam,0,RMSE,rmse,lower,0.5574872455078781,-0.5574872455078781,0.5557374285650164,best-head,exp/integrated/sweeps/delivery-eta/all_minus_esam-evaluation/0.toml,exp/integrated/sweeps/delivery-eta/all_minus_esam-best-head-evaluation/0,False,1365
sweeps,delivery-eta,all_minus_esam,0,RMSE,rmse,lower,0.5556806886998003,-0.5556806886998003,0.5513624006625033,greedy-heads,exp/integrated/sweeps/delivery-eta/all_minus_esam-evaluation/0.toml,exp/integrated/sweeps/delivery-eta/all_minus_esam-greedy-heads-evaluation/0,False,1365
sweeps,delivery-eta,rla_esam,0,RMSE,rmse,lower,0.5572907783524989,-0.5572907783524989,0.5545303498210034,best-head,exp/integrated/sweeps/delivery-eta/rla_esam-evaluation/0.toml,exp/integrated/sweeps/delivery-eta/rla_esam-best-head-evaluation/0,False,1365
sweeps,delivery-eta,rla_esam,0,RMSE,rmse,lower,0.5552988041877751,-0.5552988041877751,0.5525187688548042,greedy-heads,exp/integrated/sweeps/delivery-eta/rla_esam-evaluation/0.toml,exp/integrated/sweeps/delivery-eta/rla_esam-greedy-heads-evaluation/0,False,1365
sweeps,delivery-eta,all_four_combined,0,RMSE,rmse,lower,0.557107642501001,-0.557107642501001,0.5520572896128711,best-head,exp/integrated/sweeps/delivery-eta/all_four_combined-evaluation/0.toml,exp/integrated/sweeps/delivery-eta/all_four_combined-best-head-evaluation/0,False,1638
sweeps,delivery-eta,all_four_combined,0,RMSE,rmse,lower,0.5558210261849236,-0.5558210261849236,0.551614874495521,greedy-heads,exp/integrated/sweeps/delivery-eta/all_four_combined-evaluation/0.toml,exp/integrated/sweeps/delivery-eta/all_four_combined-greedy-heads-evaluation/0,False,1638
sweeps,delivery-eta,all_minus_mfb,0,RMSE,rmse,lower,0.5591485795972553,-0.5591485795972553,0.5570234889363207,best-head,exp/integrated/sweeps/delivery-eta/all_minus_mfb-evaluation/0.toml,exp/integrated/sweeps/delivery-eta/all_minus_mfb-best-head-evaluation/0,False,2184
sweeps,delivery-eta,all_minus_mfb,0,RMSE,rmse,lower,0.5566172544693042,-0.5566172544693042,0.5524610510858833,greedy-heads,exp/integrated/sweeps/delivery-eta/all_minus_mfb-evaluation/0.toml,exp/integrated/sweeps/delivery-eta/all_minus_mfb-greedy-heads-evaluation/0,False,2184
sweeps,delivery-eta,all_minus_cf_fisd,0,RMSE,rmse,lower,0.5589936165675472,-0.5589936165675472,0.5554125439499674,best-head,exp/integrated/sweeps/delivery-eta/all_minus_cf_fisd-evaluation/0.toml,exp/integrated/sweeps/delivery-eta/all_minus_cf_fisd-best-head-evaluation/0,False,2184
sweeps,delivery-eta,all_minus_cf_fisd,0,RMSE,rmse,lower,0.5557239681192615,-0.5557239681192615,0.5525121073453494,greedy-heads,exp/integrated/sweeps/delivery-eta/all_minus_cf_fisd-evaluation/0.toml,exp/integrated/sweeps/delivery-eta/all_minus_cf_fisd-greedy-heads-evaluation/0,False,2184
final,sberbank-housing,baseline_plr,0,RMSE,rmse,lower,0.23452539387100468,-0.23452539387100468,0.23846659721529556,mean,exp/integrated/final/sberbank-housing/baseline_plr-evaluation/0.toml,exp/integrated/final/sberbank-housing/baseline_plr-evaluation/0,False,814
final,sberbank-housing,baseline_plr,2,RMSE,rmse,lower,0.23581900020763122,-0.23581900020763122,0.23293721743587778,mean,exp/integrated/final/sberbank-housing/baseline_plr-evaluation/2.toml,exp/integrated/final/sberbank-housing/baseline_plr-evaluation/2,False,666
final,sberbank-housing,baseline_plr,1,RMSE,rmse,lower,0.23623006536000674,-0.23623006536000674,0.2318497676950212,mean,exp/integrated/final/sberbank-housing/baseline_plr-evaluation/1.toml,exp/integrated/final/sberbank-housing/baseline_plr-evaluation/1,False,962
final,sberbank-housing,best_rla_only,0,RMSE,rmse,lower,0.2354682854519358,-0.2354682854519358,0.24014251007009368,mean,exp/integrated/final/sberbank-housing/best_rla_only-evaluation/0.toml,exp/integrated/final/sberbank-housing/best_rla_only-evaluation/0,False,814
final,sberbank-housing,best_rla_only,1,RMSE,rmse,lower,0.23689852205208367,-0.23689852205208367,0.23132638249744272,mean,exp/integrated/final/sberbank-housing/best_rla_only-evaluation/1.toml,exp/integrated/final/sberbank-housing/best_rla_only-evaluation/1,False,814
final,sberbank-housing,best_rla_only,2,RMSE,rmse,lower,0.2359145620703149,-0.2359145620703149,0.2332252993496603,mean,exp/integrated/final/sberbank-housing/best_rla_only-evaluation/2.toml,exp/integrated/final/sberbank-housing/best_rla_only-evaluation/2,False,666
final,sberbank-housing,best_esam_only,0,RMSE,rmse,lower,0.23474623366768377,-0.23474623366768377,0.23936563514587833,mean,exp/integrated/final/sberbank-housing/best_esam_only-evaluation/0.toml,exp/integrated/final/sberbank-housing/best_esam_only-evaluation/0,False,814
final,sberbank-housing,best_esam_only,2,RMSE,rmse,lower,0.2356560348188032,-0.2356560348188032,0.23118945759761478,mean,exp/integrated/final/sberbank-housing/best_esam_only-evaluation/2.toml,exp/integrated/final/sberbank-housing/best_esam_only-evaluation/2,False,814
final,sberbank-housing,best_esam_only,1,RMSE,rmse,lower,0.23723213436744667,-0.23723213436744667,0.23099161094856513,mean,exp/integrated/final/sberbank-housing/best_esam_only-evaluation/1.toml,exp/integrated/final/sberbank-housing/best_esam_only-evaluation/1,False,814
final,sberbank-housing,best_mfb_only,0,RMSE,rmse,lower,0.2341279953511937,-0.2341279953511937,0.23402994505001048,mean,exp/integrated/final/sberbank-housing/best_mfb_only-evaluation/0.toml,exp/integrated/final/sberbank-housing/best_mfb_only-evaluation/0,False,888
final,sberbank-housing,best_mfb_only,1,RMSE,rmse,lower,0.23621923128975542,-0.23621923128975542,0.23276193568912745,mean,exp/integrated/final/sberbank-housing/best_mfb_only-evaluation/1.toml,exp/integrated/final/sberbank-housing/best_mfb_only-evaluation/1,False,592
final,sberbank-housing,best_mfb_only,2,RMSE,rmse,lower,0.23605616345434166,-0.23605616345434166,0.23451195530114213,mean,exp/integrated/final/sberbank-housing/best_mfb_only-evaluation/2.toml,exp/integrated/final/sberbank-housing/best_mfb_only-evaluation/2,False,1110
final,sberbank-housing,best_cf_fisd_only,0,RMSE,rmse,lower,0.23523413233394516,-0.23523413233394516,0.235149605552611,mean,exp/integrated/final/sberbank-housing/best_cf_fisd_only-evaluation/0.toml,exp/integrated/final/sberbank-housing/best_cf_fisd_only-evaluation/0,False,666
final,sberbank-housing,best_cf_fisd_only,1,RMSE,rmse,lower,0.23639255622691643,-0.23639255622691643,0.2324256095265638,mean,exp/integrated/final/sberbank-housing/best_cf_fisd_only-evaluation/1.toml,exp/integrated/final/sberbank-housing/best_cf_fisd_only-evaluation/1,False,814
final,sberbank-housing,best_cf_fisd_only,2,RMSE,rmse,lower,0.2359054032023901,-0.2359054032023901,0.23245970634502372,mean,exp/integrated/final/sberbank-housing/best_cf_fisd_only-evaluation/2.toml,exp/integrated/final/sberbank-housing/best_cf_fisd_only-evaluation/2,False,518
final,sberbank-housing,best_combined,0,RMSE,rmse,lower,0.23508488120210985,-0.23508488120210985,0.23568789402876444,mean,exp/integrated/final/sberbank-housing/best_combined-evaluation/0.toml,exp/integrated/final/sberbank-housing/best_combined-evaluation/0,False,888
final,sberbank-housing,best_combined,1,RMSE,rmse,lower,0.23530641494725335,-0.23530641494725335,0.23169352906704774,mean,exp/integrated/final/sberbank-housing/best_combined-evaluation/1.toml,exp/integrated/final/sberbank-housing/best_combined-evaluation/1,False,592
final,sberbank-housing,best_combined,2,RMSE,rmse,lower,0.2356153727014129,-0.2356153727014129,0.2360324823167294,mean,exp/integrated/final/sberbank-housing/best_combined-evaluation/2.toml,exp/integrated/final/sberbank-housing/best_combined-evaluation/2,False,1036
final,sberbank-housing,baseline_plr,0,RMSE,rmse,lower,0.23955454428788905,-0.23955454428788905,0.26588264760298186,best-head,exp/integrated/final/sberbank-housing/baseline_plr-evaluation/0.toml,exp/integrated/final/sberbank-housing/baseline_plr-best-head-evaluation/0,False,814
final,sberbank-housing,baseline_plr,2,RMSE,rmse,lower,0.23944956044068919,-0.23944956044068919,0.24308412455882378,best-head,exp/integrated/final/sberbank-housing/baseline_plr-evaluation/2.toml,exp/integrated/final/sberbank-housing/baseline_plr-best-head-evaluation/2,False,666
final,sberbank-housing,baseline_plr,1,RMSE,rmse,lower,0.24150787640249508,-0.24150787640249508,0.2416341058127328,best-head,exp/integrated/final/sberbank-housing/baseline_plr-evaluation/1.toml,exp/integrated/final/sberbank-housing/baseline_plr-best-head-evaluation/1,False,962
final,sberbank-housing,baseline_plr,0,RMSE,rmse,lower,0.23257941028161666,-0.23257941028161666,0.23549883338311248,greedy-heads,exp/integrated/final/sberbank-housing/baseline_plr-evaluation/0.toml,exp/integrated/final/sberbank-housing/baseline_plr-greedy-heads-evaluation/0,False,814
final,sberbank-housing,baseline_plr,2,RMSE,rmse,lower,0.23449523543792233,-0.23449523543792233,0.23591672540617004,greedy-heads,exp/integrated/final/sberbank-housing/baseline_plr-evaluation/2.toml,exp/integrated/final/sberbank-housing/baseline_plr-greedy-heads-evaluation/2,False,666
final,sberbank-housing,baseline_plr,1,RMSE,rmse,lower,0.2341956008327552,-0.2341956008327552,0.23089961816224172,greedy-heads,exp/integrated/final/sberbank-housing/baseline_plr-evaluation/1.toml,exp/integrated/final/sberbank-housing/baseline_plr-greedy-heads-evaluation/1,False,962
final,sberbank-housing,best_rla_only,0,RMSE,rmse,lower,0.2370483756746748,-0.2370483756746748,0.23920040609688478,best-head,exp/integrated/final/sberbank-housing/best_rla_only-evaluation/0.toml,exp/integrated/final/sberbank-housing/best_rla_only-best-head-evaluation/0,False,814
final,sberbank-housing,best_rla_only,2,RMSE,rmse,lower,0.2381416834471136,-0.2381416834471136,0.2498549025398126,best-head,exp/integrated/final/sberbank-housing/best_rla_only-evaluation/2.toml,exp/integrated/final/sberbank-housing/best_rla_only-best-head-evaluation/2,False,666
final,sberbank-housing,best_rla_only,1,RMSE,rmse,lower,0.23898563084143007,-0.23898563084143007,0.23816985512587505,best-head,exp/integrated/final/sberbank-housing/best_rla_only-evaluation/1.toml,exp/integrated/final/sberbank-housing/best_rla_only-best-head-evaluation/1,False,814
final,sberbank-housing,best_rla_only,0,RMSE,rmse,lower,0.2328613038082034,-0.2328613038082034,0.23498425768312764,greedy-heads,exp/integrated/final/sberbank-housing/best_rla_only-evaluation/0.toml,exp/integrated/final/sberbank-housing/best_rla_only-greedy-heads-evaluation/0,False,814
final,sberbank-housing,best_rla_only,2,RMSE,rmse,lower,0.23410085698681354,-0.23410085698681354,0.23135944978887066,greedy-heads,exp/integrated/final/sberbank-housing/best_rla_only-evaluation/2.toml,exp/integrated/final/sberbank-housing/best_rla_only-greedy-heads-evaluation/2,False,666
final,sberbank-housing,best_rla_only,1,RMSE,rmse,lower,0.23460022912632159,-0.23460022912632159,0.23076016380764466,greedy-heads,exp/integrated/final/sberbank-housing/best_rla_only-evaluation/1.toml,exp/integrated/final/sberbank-housing/best_rla_only-greedy-heads-evaluation/1,False,814
final,sberbank-housing,best_esam_only,0,RMSE,rmse,lower,0.2377136850270048,-0.2377136850270048,0.262345673404661,best-head,exp/integrated/final/sberbank-housing/best_esam_only-evaluation/0.toml,exp/integrated/final/sberbank-housing/best_esam_only-best-head-evaluation/0,False,814
final,sberbank-housing,best_esam_only,2,RMSE,rmse,lower,0.24089231567126032,-0.24089231567126032,0.24860647860679874,best-head,exp/integrated/final/sberbank-housing/best_esam_only-evaluation/2.toml,exp/integrated/final/sberbank-housing/best_esam_only-best-head-evaluation/2,False,814
final,sberbank-housing,best_esam_only,1,RMSE,rmse,lower,0.2385787982165438,-0.2385787982165438,0.24822352719647534,best-head,exp/integrated/final/sberbank-housing/best_esam_only-evaluation/1.toml,exp/integrated/final/sberbank-housing/best_esam_only-best-head-evaluation/1,False,814
final,sberbank-housing,best_esam_only,0,RMSE,rmse,lower,0.23295802298295287,-0.23295802298295287,0.23903366020873654,greedy-heads,exp/integrated/final/sberbank-housing/best_esam_only-evaluation/0.toml,exp/integrated/final/sberbank-housing/best_esam_only-greedy-heads-evaluation/0,False,814
final,sberbank-housing,best_esam_only,2,RMSE,rmse,lower,0.23456056719125185,-0.23456056719125185,0.23191054380220286,greedy-heads,exp/integrated/final/sberbank-housing/best_esam_only-evaluation/2.toml,exp/integrated/final/sberbank-housing/best_esam_only-greedy-heads-evaluation/2,False,814
final,sberbank-housing,best_esam_only,1,RMSE,rmse,lower,0.23392588182013857,-0.23392588182013857,0.23227402448302542,greedy-heads,exp/integrated/final/sberbank-housing/best_esam_only-evaluation/1.toml,exp/integrated/final/sberbank-housing/best_esam_only-greedy-heads-evaluation/1,False,814
final,sberbank-housing,best_mfb_only,0,RMSE,rmse,lower,0.2380346366558266,-0.2380346366558266,0.2579307429494123,best-head,exp/integrated/final/sberbank-housing/best_mfb_only-evaluation/0.toml,exp/integrated/final/sberbank-housing/best_mfb_only-best-head-evaluation/0,False,888
final,sberbank-housing,best_mfb_only,1,RMSE,rmse,lower,0.2385396806698102,-0.2385396806698102,0.2407010051283554,best-head,exp/integrated/final/sberbank-housing/best_mfb_only-evaluation/1.toml,exp/integrated/final/sberbank-housing/best_mfb_only-best-head-evaluation/1,False,592
final,sberbank-housing,best_mfb_only,2,RMSE,rmse,lower,0.24181054374010003,-0.24181054374010003,0.24863506025450496,best-head,exp/integrated/final/sberbank-housing/best_mfb_only-evaluation/2.toml,exp/integrated/final/sberbank-housing/best_mfb_only-best-head-evaluation/2,False,1110
final,sberbank-housing,best_mfb_only,0,RMSE,rmse,lower,0.23237596587359466,-0.23237596587359466,0.23064696162155762,greedy-heads,exp/integrated/final/sberbank-housing/best_mfb_only-evaluation/0.toml,exp/integrated/final/sberbank-housing/best_mfb_only-greedy-heads-evaluation/0,False,888
final,sberbank-housing,best_mfb_only,1,RMSE,rmse,lower,0.23377133352416926,-0.23377133352416926,0.23643993065905872,greedy-heads,exp/integrated/final/sberbank-housing/best_mfb_only-evaluation/1.toml,exp/integrated/final/sberbank-housing/best_mfb_only-greedy-heads-evaluation/1,False,592
final,sberbank-housing,best_mfb_only,2,RMSE,rmse,lower,0.23350988305065445,-0.23350988305065445,0.23821200474658916,greedy-heads,exp/integrated/final/sberbank-housing/best_mfb_only-evaluation/2.toml,exp/integrated/final/sberbank-housing/best_mfb_only-greedy-heads-evaluation/2,False,1110
final,sberbank-housing,best_cf_fisd_only,0,RMSE,rmse,lower,0.2388197411165918,-0.2388197411165918,0.2462523116085554,best-head,exp/integrated/final/sberbank-housing/best_cf_fisd_only-evaluation/0.toml,exp/integrated/final/sberbank-housing/best_cf_fisd_only-best-head-evaluation/0,False,666
final,sberbank-housing,best_cf_fisd_only,2,RMSE,rmse,lower,0.2376592052308581,-0.2376592052308581,0.23311093711112285,best-head,exp/integrated/final/sberbank-housing/best_cf_fisd_only-evaluation/2.toml,exp/integrated/final/sberbank-housing/best_cf_fisd_only-best-head-evaluation/2,False,518
final,sberbank-housing,best_cf_fisd_only,1,RMSE,rmse,lower,0.24061445857155628,-0.24061445857155628,0.23970045288478414,best-head,exp/integrated/final/sberbank-housing/best_cf_fisd_only-evaluation/1.toml,exp/integrated/final/sberbank-housing/best_cf_fisd_only-best-head-evaluation/1,False,814
final,sberbank-housing,best_cf_fisd_only,0,RMSE,rmse,lower,0.23327114512588593,-0.23327114512588593,0.23367141178994547,greedy-heads,exp/integrated/final/sberbank-housing/best_cf_fisd_only-evaluation/0.toml,exp/integrated/final/sberbank-housing/best_cf_fisd_only-greedy-heads-evaluation/0,False,666
final,sberbank-housing,best_cf_fisd_only,2,RMSE,rmse,lower,0.23432768503071347,-0.23432768503071347,0.2325014731401514,greedy-heads,exp/integrated/final/sberbank-housing/best_cf_fisd_only-evaluation/2.toml,exp/integrated/final/sberbank-housing/best_cf_fisd_only-greedy-heads-evaluation/2,False,518
final,sberbank-housing,best_cf_fisd_only,1,RMSE,rmse,lower,0.23463880474397839,-0.23463880474397839,0.2331063026442073,greedy-heads,exp/integrated/final/sberbank-housing/best_cf_fisd_only-evaluation/1.toml,exp/integrated/final/sberbank-housing/best_cf_fisd_only-greedy-heads-evaluation/1,False,814
final,sberbank-housing,best_combined,0,RMSE,rmse,lower,0.23765498863853576,-0.23765498863853576,0.2536206620016002,best-head,exp/integrated/final/sberbank-housing/best_combined-evaluation/0.toml,exp/integrated/final/sberbank-housing/best_combined-best-head-evaluation/0,False,888
final,sberbank-housing,best_combined,1,RMSE,rmse,lower,0.2374959967300924,-0.2374959967300924,0.24912023719870632,best-head,exp/integrated/final/sberbank-housing/best_combined-evaluation/1.toml,exp/integrated/final/sberbank-housing/best_combined-best-head-evaluation/1,False,592
final,sberbank-housing,best_combined,2,RMSE,rmse,lower,0.23866731604984137,-0.23866731604984137,0.2357692652387237,best-head,exp/integrated/final/sberbank-housing/best_combined-evaluation/2.toml,exp/integrated/final/sberbank-housing/best_combined-best-head-evaluation/2,False,1036
final,sberbank-housing,best_combined,0,RMSE,rmse,lower,0.23320900639668657,-0.23320900639668657,0.23362227205150313,greedy-heads,exp/integrated/final/sberbank-housing/best_combined-evaluation/0.toml,exp/integrated/final/sberbank-housing/best_combined-greedy-heads-evaluation/0,False,888
final,sberbank-housing,best_combined,1,RMSE,rmse,lower,0.2332021853813015,-0.2332021853813015,0.2324977398321572,greedy-heads,exp/integrated/final/sberbank-housing/best_combined-evaluation/1.toml,exp/integrated/final/sberbank-housing/best_combined-greedy-heads-evaluation/1,False,592
final,sberbank-housing,best_combined,2,RMSE,rmse,lower,0.23346459476611428,-0.23346459476611428,0.23881630936614148,greedy-heads,exp/integrated/final/sberbank-housing/best_combined-evaluation/2.toml,exp/integrated/final/sberbank-housing/best_combined-greedy-heads-evaluation/2,False,1036
final,ecom-offers,baseline_plr,0,AUROC,roc-auc,higher,0.6227054517511603,0.6227054517511603,0.591151981311678,mean,exp/integrated/final/ecom-offers/baseline_plr-evaluation/0.toml,exp/integrated/final/ecom-offers/baseline_plr-evaluation/0,False,321
final,ecom-offers,baseline_plr,2,AUROC,roc-auc,higher,0.6212503263524413,0.6212503263524413,0.5893011087345269,mean,exp/integrated/final/ecom-offers/baseline_plr-evaluation/2.toml,exp/integrated/final/ecom-offers/baseline_plr-evaluation/2,False,321
final,ecom-offers,baseline_plr,1,AUROC,roc-auc,higher,0.6203331748306973,0.6203331748306973,0.5897210540664094,mean,exp/integrated/final/ecom-offers/baseline_plr-evaluation/1.toml,exp/integrated/final/ecom-offers/baseline_plr-evaluation/1,False,428
final,ecom-offers,best_rla_only,0,AUROC,roc-auc,higher,0.6227001707049361,0.6227001707049361,0.5911765632808944,mean,exp/integrated/final/ecom-offers/best_rla_only-evaluation/0.toml,exp/integrated/final/ecom-offers/best_rla_only-evaluation/0,False,214
final,ecom-offers,best_rla_only,1,AUROC,roc-auc,higher,0.6203498803314189,0.6203498803314189,0.5897023859034299,mean,exp/integrated/final/ecom-offers/best_rla_only-evaluation/1.toml,exp/integrated/final/ecom-offers/best_rla_only-evaluation/1,False,428
final,ecom-offers,best_rla_only,2,AUROC,roc-auc,higher,0.6211526583224122,0.6211526583224122,0.5892307660549951,mean,exp/integrated/final/ecom-offers/best_rla_only-evaluation/2.toml,exp/integrated/final/ecom-offers/best_rla_only-evaluation/2,False,321
final,ecom-offers,best_esam_only,0,AUROC,roc-auc,higher,0.6227874903903754,0.6227874903903754,0.5911993816464689,mean,exp/integrated/final/ecom-offers/best_esam_only-evaluation/0.toml,exp/integrated/final/ecom-offers/best_esam_only-evaluation/0,False,321
final,ecom-offers,best_esam_only,1,AUROC,roc-auc,higher,0.6204141557865444,0.6204141557865444,0.5897760078319128,mean,exp/integrated/final/ecom-offers/best_esam_only-evaluation/1.toml,exp/integrated/final/ecom-offers/best_esam_only-evaluation/1,False,428
final,ecom-offers,best_esam_only,2,AUROC,roc-auc,higher,0.6211550537725488,0.6211550537725488,0.5892400551940371,mean,exp/integrated/final/ecom-offers/best_esam_only-evaluation/2.toml,exp/integrated/final/ecom-offers/best_esam_only-evaluation/2,False,321
final,ecom-offers,best_mfb_only,0,AUROC,roc-auc,higher,0.6291199291618959,0.6291199291618959,0.5961977102213372,mean,exp/integrated/final/ecom-offers/best_mfb_only-evaluation/0.toml,exp/integrated/final/ecom-offers/best_mfb_only-evaluation/0,False,428
final,ecom-offers,best_mfb_only,1,AUROC,roc-auc,higher,0.6253906113125361,0.6253906113125361,0.5930931510151916,mean,exp/integrated/final/ecom-offers/best_mfb_only-evaluation/1.toml,exp/integrated/final/ecom-offers/best_mfb_only-evaluation/1,False,428
final,ecom-offers,best_mfb_only,2,AUROC,roc-auc,higher,0.6220034632459894,0.6220034632459894,0.5900390978219552,mean,exp/integrated/final/ecom-offers/best_mfb_only-evaluation/2.toml,exp/integrated/final/ecom-offers/best_mfb_only-evaluation/2,False,321
final,ecom-offers,best_cf_fisd_only,0,AUROC,roc-auc,higher,0.6228186386127663,0.6228186386127663,0.5911736900637132,mean,exp/integrated/final/ecom-offers/best_cf_fisd_only-evaluation/0.toml,exp/integrated/final/ecom-offers/best_cf_fisd_only-evaluation/0,False,321
final,ecom-offers,best_cf_fisd_only,1,AUROC,roc-auc,higher,0.6202479078617598,0.6202479078617598,0.5895844228260869,mean,exp/integrated/final/ecom-offers/best_cf_fisd_only-evaluation/1.toml,exp/integrated/final/ecom-offers/best_cf_fisd_only-evaluation/1,False,428
final,ecom-offers,best_cf_fisd_only,2,AUROC,roc-auc,higher,0.6211436845976699,0.6211436845976699,0.5891830464738508,mean,exp/integrated/final/ecom-offers/best_cf_fisd_only-evaluation/2.toml,exp/integrated/final/ecom-offers/best_cf_fisd_only-evaluation/2,False,321
final,ecom-offers,best_combined,0,AUROC,roc-auc,higher,0.6250550271749447,0.6250550271749447,0.592670158895295,mean,exp/integrated/final/ecom-offers/best_combined-evaluation/0.toml,exp/integrated/final/ecom-offers/best_combined-evaluation/0,False,321
final,ecom-offers,best_combined,1,AUROC,roc-auc,higher,0.6213201555665758,0.6213201555665758,0.5900624771932574,mean,exp/integrated/final/ecom-offers/best_combined-evaluation/1.toml,exp/integrated/final/ecom-offers/best_combined-evaluation/1,False,428
final,ecom-offers,best_combined,2,AUROC,roc-auc,higher,0.6208476032754839,0.6208476032754839,0.5890089208341323,mean,exp/integrated/final/ecom-offers/best_combined-evaluation/2.toml,exp/integrated/final/ecom-offers/best_combined-evaluation/2,False,321
final,ecom-offers,baseline_plr,0,AUROC,roc-auc,higher,0.6404461738890127,0.6404461738890127,0.6034781946000056,best-head,exp/integrated/final/ecom-offers/baseline_plr-evaluation/0.toml,exp/integrated/final/ecom-offers/baseline_plr-best-head-evaluation/0,False,321
final,ecom-offers,baseline_plr,2,AUROC,roc-auc,higher,0.6342271136151092,0.6342271136151092,0.5992387053088735,best-head,exp/integrated/final/ecom-offers/baseline_plr-evaluation/2.toml,exp/integrated/final/ecom-offers/baseline_plr-best-head-evaluation/2,False,321
final,ecom-offers,baseline_plr,1,AUROC,roc-auc,higher,0.6313621036574809,0.6313621036574809,0.5963646574673217,best-head,exp/integrated/final/ecom-offers/baseline_plr-evaluation/1.toml,exp/integrated/final/ecom-offers/baseline_plr-best-head-evaluation/1,False,428
final,ecom-offers,baseline_plr,0,AUROC,roc-auc,higher,0.6413971749638401,0.6413971749638401,0.6040305589800323,greedy-heads,exp/integrated/final/ecom-offers/baseline_plr-evaluation/0.toml,exp/integrated/final/ecom-offers/baseline_plr-greedy-heads-evaluation/0,False,321
final,ecom-offers,baseline_plr,2,AUROC,roc-auc,higher,0.6356383175142475,0.6356383175142475,0.5998927728985708,greedy-heads,exp/integrated/final/ecom-offers/baseline_plr-evaluation/2.toml,exp/integrated/final/ecom-offers/baseline_plr-greedy-heads-evaluation/2,False,321
final,ecom-offers,baseline_plr,1,AUROC,roc-auc,higher,0.6327357100453991,0.6327357100453991,0.5971884680332056,greedy-heads,exp/integrated/final/ecom-offers/baseline_plr-evaluation/1.toml,exp/integrated/final/ecom-offers/baseline_plr-greedy-heads-evaluation/1,False,428
final,ecom-offers,best_rla_only,0,AUROC,roc-auc,higher,0.6396541901648656,0.6396541901648656,0.6015418321886687,best-head,exp/integrated/final/ecom-offers/best_rla_only-evaluation/0.toml,exp/integrated/final/ecom-offers/best_rla_only-best-head-evaluation/0,False,214
final,ecom-offers,best_rla_only,2,AUROC,roc-auc,higher,0.633681175787757,0.633681175787757,0.597700306723218,best-head,exp/integrated/final/ecom-offers/best_rla_only-evaluation/2.toml,exp/integrated/final/ecom-offers/best_rla_only-best-head-evaluation/2,False,321
final,ecom-offers,best_rla_only,1,AUROC,roc-auc,higher,0.6311484553024557,0.6311484553024557,0.5960986415689524,best-head,exp/integrated/final/ecom-offers/best_rla_only-evaluation/1.toml,exp/integrated/final/ecom-offers/best_rla_only-best-head-evaluation/1,False,428
final,ecom-offers,best_rla_only,0,AUROC,roc-auc,higher,0.6396541901648656,0.6396541901648656,0.6015418321886687,greedy-heads,exp/integrated/final/ecom-offers/best_rla_only-evaluation/0.toml,exp/integrated/final/ecom-offers/best_rla_only-greedy-heads-evaluation/0,False,214
final,ecom-offers,best_rla_only,2,AUROC,roc-auc,higher,0.6351641473729864,0.6351641473729864,0.5998596611627065,greedy-heads,exp/integrated/final/ecom-offers/best_rla_only-evaluation/2.toml,exp/integrated/final/ecom-offers/best_rla_only-greedy-heads-evaluation/2,False,321
final,ecom-offers,best_rla_only,1,AUROC,roc-auc,higher,0.6323603724914644,0.6323603724914644,0.5968416363152236,greedy-heads,exp/integrated/final/ecom-offers/best_rla_only-evaluation/1.toml,exp/integrated/final/ecom-offers/best_rla_only-greedy-heads-evaluation/1,False,428
final,ecom-offers,best_esam_only,0,AUROC,roc-auc,higher,0.6410241296714208,0.6410241296714208,0.6024966050474919,best-head,exp/integrated/final/ecom-offers/best_esam_only-evaluation/0.toml,exp/integrated/final/ecom-offers/best_esam_only-best-head-evaluation/0,False,321
final,ecom-offers,best_esam_only,1,AUROC,roc-auc,higher,0.6315182980623079,0.6315182980623079,0.5962485571769538,best-head,exp/integrated/final/ecom-offers/best_esam_only-evaluation/1.toml,exp/integrated/final/ecom-offers/best_esam_only-best-head-evaluation/1,False,428
final,ecom-offers,best_esam_only,2,AUROC,roc-auc,higher,0.6341914987995403,0.6341914987995403,0.599267480873393,best-head,exp/integrated/final/ecom-offers/best_esam_only-evaluation/2.toml,exp/integrated/final/ecom-offers/best_esam_only-best-head-evaluation/2,False,321
final,ecom-offers,best_esam_only,0,AUROC,roc-auc,higher,0.641845068859757,0.641845068859757,0.6041622806453656,greedy-heads,exp/integrated/final/ecom-offers/best_esam_only-evaluation/0.toml,exp/integrated/final/ecom-offers/best_esam_only-greedy-heads-evaluation/0,False,321
final,ecom-offers,best_esam_only,2,AUROC,roc-auc,higher,0.6354981541987959,0.6354981541987959,0.5998512677731419,greedy-heads,exp/integrated/final/ecom-offers/best_esam_only-evaluation/2.toml,exp/integrated/final/ecom-offers/best_esam_only-greedy-heads-evaluation/2,False,321
final,ecom-offers,best_esam_only,1,AUROC,roc-auc,higher,0.6326258289049813,0.6326258289049813,0.5972452690882881,greedy-heads,exp/integrated/final/ecom-offers/best_esam_only-evaluation/1.toml,exp/integrated/final/ecom-offers/best_esam_only-greedy-heads-evaluation/1,False,428
final,ecom-offers,best_mfb_only,0,AUROC,roc-auc,higher,0.6547032702847417,0.6547032702847417,0.6118564029158264,best-head,exp/integrated/final/ecom-offers/best_mfb_only-evaluation/0.toml,exp/integrated/final/ecom-offers/best_mfb_only-best-head-evaluation/0,False,428
final,ecom-offers,best_mfb_only,2,AUROC,roc-auc,higher,0.6546592087434608,0.6546592087434608,0.6088559366177836,best-head,exp/integrated/final/ecom-offers/best_mfb_only-evaluation/2.toml,exp/integrated/final/ecom-offers/best_mfb_only-best-head-evaluation/2,False,321
final,ecom-offers,best_mfb_only,1,AUROC,roc-auc,higher,0.6525683493050402,0.6525683493050402,0.6078370975247275,best-head,exp/integrated/final/ecom-offers/best_mfb_only-evaluation/1.toml,exp/integrated/final/ecom-offers/best_mfb_only-best-head-evaluation/1,False,428
final,ecom-offers,best_mfb_only,0,AUROC,roc-auc,higher,0.6547032702847417,0.6547032702847417,0.6118564029158264,greedy-heads,exp/integrated/final/ecom-offers/best_mfb_only-evaluation/0.toml,exp/integrated/final/ecom-offers/best_mfb_only-greedy-heads-evaluation/0,False,428
final,ecom-offers,best_mfb_only,2,AUROC,roc-auc,higher,0.6546592087434608,0.6546592087434608,0.6088559366177836,greedy-heads,exp/integrated/final/ecom-offers/best_mfb_only-evaluation/2.toml,exp/integrated/final/ecom-offers/best_mfb_only-greedy-heads-evaluation/2,False,321
final,ecom-offers,best_mfb_only,1,AUROC,roc-auc,higher,0.6527163070467052,0.6527163070467052,0.6065300223672054,greedy-heads,exp/integrated/final/ecom-offers/best_mfb_only-evaluation/1.toml,exp/integrated/final/ecom-offers/best_mfb_only-greedy-heads-evaluation/1,False,428
final,ecom-offers,best_cf_fisd_only,0,AUROC,roc-auc,higher,0.6410202011331968,0.6410202011331968,0.6024701571918213,best-head,exp/integrated/final/ecom-offers/best_cf_fisd_only-evaluation/0.toml,exp/integrated/final/ecom-offers/best_cf_fisd_only-best-head-evaluation/0,False,321
final,ecom-offers,best_cf_fisd_only,2,AUROC,roc-auc,higher,0.6333770862914994,0.6333770862914994,0.5972389647476771,best-head,exp/integrated/final/ecom-offers/best_cf_fisd_only-evaluation/2.toml,exp/integrated/final/ecom-offers/best_cf_fisd_only-best-head-evaluation/2,False,321
final,ecom-offers,best_cf_fisd_only,1,AUROC,roc-auc,higher,0.6322301668779651,0.6322301668779651,0.5946009422441442,best-head,exp/integrated/final/ecom-offers/best_cf_fisd_only-evaluation/1.toml,exp/integrated/final/ecom-offers/best_cf_fisd_only-best-head-evaluation/1,False,428
final,ecom-offers,best_cf_fisd_only,0,AUROC,roc-auc,higher,0.6419149054445072,0.6419149054445072,0.6041224275423289,greedy-heads,exp/integrated/final/ecom-offers/best_cf_fisd_only-evaluation/0.toml,exp/integrated/final/ecom-offers/best_cf_fisd_only-greedy-heads-evaluation/0,False,321
final,ecom-offers,best_cf_fisd_only,2,AUROC,roc-auc,higher,0.6340638176219543,0.6340638176219543,0.598916340879379,greedy-heads,exp/integrated/final/ecom-offers/best_cf_fisd_only-evaluation/2.toml,exp/integrated/final/ecom-offers/best_cf_fisd_only-greedy-heads-evaluation/2,False,321
final,ecom-offers,best_cf_fisd_only,1,AUROC,roc-auc,higher,0.6333421643138163,0.6333421643138163,0.5975759215250558,greedy-heads,exp/integrated/final/ecom-offers/best_cf_fisd_only-evaluation/1.toml,exp/integrated/final/ecom-offers/best_cf_fisd_only-greedy-heads-evaluation/1,False,428
final,ecom-offers,best_combined,0,AUROC,roc-auc,higher,0.6477890245840551,0.6477890245840551,0.6045088303107439,best-head,exp/integrated/final/ecom-offers/best_combined-evaluation/0.toml,exp/integrated/final/ecom-offers/best_combined-best-head-evaluation/0,False,321
final,ecom-offers,best_combined,2,AUROC,roc-auc,higher,0.6430199007953441,0.6430199007953441,0.5970664756329549,best-head,exp/integrated/final/ecom-offers/best_combined-evaluation/2.toml,exp/integrated/final/ecom-offers/best_combined-best-head-evaluation/2,False,321
final,ecom-offers,best_combined,1,AUROC,roc-auc,higher,0.6512227217747169,0.6512227217747169,0.6075381341628896,best-head,exp/integrated/final/ecom-offers/best_combined-evaluation/1.toml,exp/integrated/final/ecom-offers/best_combined-best-head-evaluation/1,False,428
final,ecom-offers,best_combined,0,AUROC,roc-auc,higher,0.6506783465179156,0.6506783465179156,0.6065618416202598,greedy-heads,exp/integrated/final/ecom-offers/best_combined-evaluation/0.toml,exp/integrated/final/ecom-offers/best_combined-greedy-heads-evaluation/0,False,321
final,ecom-offers,best_combined,1,AUROC,roc-auc,higher,0.6512227217747169,0.6512227217747169,0.6075381341628896,greedy-heads,exp/integrated/final/ecom-offers/best_combined-evaluation/1.toml,exp/integrated/final/ecom-offers/best_combined-greedy-heads-evaluation/1,False,428
final,ecom-offers,best_combined,2,AUROC,roc-auc,higher,0.6436592869751769,0.6436592869751769,0.6015328994897303,greedy-heads,exp/integrated/final/ecom-offers/best_combined-evaluation/2.toml,exp/integrated/final/ecom-offers/best_combined-greedy-heads-evaluation/2,False,321
final,homesite-insurance,baseline_plr,0,AUROC,roc-auc,higher,0.9583121450834431,0.9583121450834431,0.9626260391126089,mean,exp/integrated/final/homesite-insurance/baseline_plr-evaluation/0.toml,exp/integrated/final/homesite-insurance/baseline_plr-evaluation/0,False,1980
final,homesite-insurance,baseline_plr,1,AUROC,roc-auc,higher,0.9586997364143323,0.9586997364143323,0.9622916084556132,mean,exp/integrated/final/homesite-insurance/baseline_plr-evaluation/1.toml,exp/integrated/final/homesite-insurance/baseline_plr-evaluation/1,False,1760
final,homesite-insurance,baseline_plr,2,AUROC,roc-auc,higher,0.9582475934195426,0.9582475934195426,0.9625649084455907,mean,exp/integrated/final/homesite-insurance/baseline_plr-evaluation/2.toml,exp/integrated/final/homesite-insurance/baseline_plr-evaluation/2,False,1980
final,homesite-insurance,best_rla_only,0,AUROC,roc-auc,higher,0.9581626616470993,0.9581626616470993,0.9620964494052155,mean,exp/integrated/final/homesite-insurance/best_rla_only-evaluation/0.toml,exp/integrated/final/homesite-insurance/best_rla_only-evaluation/0,False,1760
final,homesite-insurance,best_rla_only,1,AUROC,roc-auc,higher,0.9583407546059616,0.9583407546059616,0.9620763221935056,mean,exp/integrated/final/homesite-insurance/best_rla_only-evaluation/1.toml,exp/integrated/final/homesite-insurance/best_rla_only-evaluation/1,False,1760
final,homesite-insurance,best_rla_only,2,AUROC,roc-auc,higher,0.9581674973070209,0.9581674973070209,0.9627480104988175,mean,exp/integrated/final/homesite-insurance/best_rla_only-evaluation/2.toml,exp/integrated/final/homesite-insurance/best_rla_only-evaluation/2,False,1980
final,homesite-insurance,best_esam_only,0,AUROC,roc-auc,higher,0.9583120395781356,0.9583120395781356,0.9627483366901237,mean,exp/integrated/final/homesite-insurance/best_esam_only-evaluation/0.toml,exp/integrated/final/homesite-insurance/best_esam_only-evaluation/0,False,1980
final,homesite-insurance,best_esam_only,1,AUROC,roc-auc,higher,0.9584753793781823,0.9584753793781823,0.9624917932683585,mean,exp/integrated/final/homesite-insurance/best_esam_only-evaluation/1.toml,exp/integrated/final/homesite-insurance/best_esam_only-evaluation/1,False,1760
final,homesite-insurance,best_esam_only,2,AUROC,roc-auc,higher,0.9582681142018287,0.9582681142018287,0.9627356393915001,mean,exp/integrated/final/homesite-insurance/best_esam_only-evaluation/2.toml,exp/integrated/final/homesite-insurance/best_esam_only-evaluation/2,False,1980
final,homesite-insurance,best_mfb_only,0,AUROC,roc-auc,higher,0.9584246137411132,0.9584246137411132,0.962318960200698,mean,exp/integrated/final/homesite-insurance/best_mfb_only-evaluation/0.toml,exp/integrated/final/homesite-insurance/best_mfb_only-evaluation/0,False,1980
final,homesite-insurance,best_mfb_only,1,AUROC,roc-auc,higher,0.9585282902898349,0.9585282902898349,0.962430602195543,mean,exp/integrated/final/homesite-insurance/best_mfb_only-evaluation/1.toml,exp/integrated/final/homesite-insurance/best_mfb_only-evaluation/1,False,1980
final,homesite-insurance,best_mfb_only,2,AUROC,roc-auc,higher,0.9583243485306635,0.9583243485306635,0.9625461826483815,mean,exp/integrated/final/homesite-insurance/best_mfb_only-evaluation/2.toml,exp/integrated/final/homesite-insurance/best_mfb_only-evaluation/2,False,1980
final,homesite-insurance,best_cf_fisd_only,0,AUROC,roc-auc,higher,0.9589599740471012,0.9589599740471012,0.9628908822909436,mean,exp/integrated/final/homesite-insurance/best_cf_fisd_only-evaluation/0.toml,exp/integrated/final/homesite-insurance/best_cf_fisd_only-evaluation/0,False,2420
final,homesite-insurance,best_cf_fisd_only,1,AUROC,roc-auc,higher,0.9589376508824807,0.9589376508824807,0.9627469836002609,mean,exp/integrated/final/homesite-insurance/best_cf_fisd_only-evaluation/1.toml,exp/integrated/final/homesite-insurance/best_cf_fisd_only-evaluation/1,False,1760
final,homesite-insurance,best_cf_fisd_only,2,AUROC,roc-auc,higher,0.9589488871977169,0.9589488871977169,0.9624131449200803,mean,exp/integrated/final/homesite-insurance/best_cf_fisd_only-evaluation/2.toml,exp/integrated/final/homesite-insurance/best_cf_fisd_only-evaluation/2,False,1980
final,homesite-insurance,best_combined,0,AUROC,roc-auc,higher,0.9589238560635404,0.9589238560635404,0.9624954901031625,mean,exp/integrated/final/homesite-insurance/best_combined-evaluation/0.toml,exp/integrated/final/homesite-insurance/best_combined-evaluation/0,False,1980
final,homesite-insurance,best_combined,1,AUROC,roc-auc,higher,0.9587836483021374,0.9587836483021374,0.9621208050227469,mean,exp/integrated/final/homesite-insurance/best_combined-evaluation/1.toml,exp/integrated/final/homesite-insurance/best_combined-evaluation/1,False,1760
final,homesite-insurance,best_combined,2,AUROC,roc-auc,higher,0.9585690329227027,0.9585690329227027,0.9620638665180715,mean,exp/integrated/final/homesite-insurance/best_combined-evaluation/2.toml,exp/integrated/final/homesite-insurance/best_combined-evaluation/2,False,2200
final,homesite-insurance,baseline_plr,0,AUROC,roc-auc,higher,0.9554763470552776,0.9554763470552776,0.959416932798502,best-head,exp/integrated/final/homesite-insurance/baseline_plr-evaluation/0.toml,exp/integrated/final/homesite-insurance/baseline_plr-best-head-evaluation/0,False,1980
final,homesite-insurance,baseline_plr,1,AUROC,roc-auc,higher,0.9563250405399748,0.9563250405399748,0.9592494275221765,best-head,exp/integrated/final/homesite-insurance/baseline_plr-evaluation/1.toml,exp/integrated/final/homesite-insurance/baseline_plr-best-head-evaluation/1,False,1760
final,homesite-insurance,baseline_plr,2,AUROC,roc-auc,higher,0.9561054927874199,0.9561054927874199,0.9608390423255206,best-head,exp/integrated/final/homesite-insurance/baseline_plr-evaluation/2.toml,exp/integrated/final/homesite-insurance/baseline_plr-best-head-evaluation/2,False,1980
final,homesite-insurance,baseline_plr,0,AUROC,roc-auc,higher,0.9589474980445032,0.9589474980445032,0.9625170670540112,greedy-heads,exp/integrated/final/homesite-insurance/baseline_plr-evaluation/0.toml,exp/integrated/final/homesite-insurance/baseline_plr-greedy-heads-evaluation/0,False,1980
final,homesite-insurance,baseline_plr,1,AUROC,roc-auc,higher,0.9593694489371631,0.9593694489371631,0.9625145058481993,greedy-heads,exp/integrated/final/homesite-insurance/baseline_plr-evaluation/1.toml,exp/integrated/final/homesite-insurance/baseline_plr-greedy-heads-evaluation/1,False,1760
final,homesite-insurance,baseline_plr,2,AUROC,roc-auc,higher,0.9591019138539669,0.9591019138539669,0.9629950822915426,greedy-heads,exp/integrated/final/homesite-insurance/baseline_plr-evaluation/2.toml,exp/integrated/final/homesite-insurance/baseline_plr-greedy-heads-evaluation/2,False,1980
final,homesite-insurance,best_rla_only,0,AUROC,roc-auc,higher,0.9560453459701026,0.9560453459701026,0.9600924508313724,best-head,exp/integrated/final/homesite-insurance/best_rla_only-evaluation/0.toml,exp/integrated/final/homesite-insurance/best_rla_only-best-head-evaluation/0,False,1760
final,homesite-insurance,best_rla_only,1,AUROC,roc-auc,higher,0.9560549117846388,0.9560549117846388,0.9591263205069757,best-head,exp/integrated/final/homesite-insurance/best_rla_only-evaluation/1.toml,exp/integrated/final/homesite-insurance/best_rla_only-best-head-evaluation/1,False,1760
final,homesite-insurance,best_rla_only,2,AUROC,roc-auc,higher,0.9556372338569274,0.9556372338569274,0.9608528752531366,best-head,exp/integrated/final/homesite-insurance/best_rla_only-evaluation/2.toml,exp/integrated/final/homesite-insurance/best_rla_only-best-head-evaluation/2,False,1980
final,homesite-insurance,best_rla_only,0,AUROC,roc-auc,higher,0.9591329763748824,0.9591329763748824,0.962370812537228,greedy-heads,exp/integrated/final/homesite-insurance/best_rla_only-evaluation/0.toml,exp/integrated/final/homesite-insurance/best_rla_only-greedy-heads-evaluation/0,False,1760
final,homesite-insurance,best_rla_only,1,AUROC,roc-auc,higher,0.9590165424760763,0.9590165424760763,0.9620755973239362,greedy-heads,exp/integrated/final/homesite-insurance/best_rla_only-evaluation/1.toml,exp/integrated/final/homesite-insurance/best_rla_only-greedy-heads-evaluation/1,False,1760
final,homesite-insurance,best_rla_only,2,AUROC,roc-auc,higher,0.9587859694188998,0.9587859694188998,0.9632457301074769,greedy-heads,exp/integrated/final/homesite-insurance/best_rla_only-evaluation/2.toml,exp/integrated/final/homesite-insurance/best_rla_only-greedy-heads-evaluation/2,False,1980
final,homesite-insurance,best_esam_only,0,AUROC,roc-auc,higher,0.9561512908829329,0.9561512908829329,0.9606910602029306,best-head,exp/integrated/final/homesite-insurance/best_esam_only-evaluation/0.toml,exp/integrated/final/homesite-insurance/best_esam_only-best-head-evaluation/0,False,1980
final,homesite-insurance,best_esam_only,1,AUROC,roc-auc,higher,0.9562486459053205,0.9562486459053205,0.9594156280332771,best-head,exp/integrated/final/homesite-insurance/best_esam_only-evaluation/1.toml,exp/integrated/final/homesite-insurance/best_esam_only-best-head-evaluation/1,False,1760
final,homesite-insurance,best_esam_only,2,AUROC,roc-auc,higher,0.9550014764588559,0.9550014764588559,0.9593146174587831,best-head,exp/integrated/final/homesite-insurance/best_esam_only-evaluation/2.toml,exp/integrated/final/homesite-insurance/best_esam_only-best-head-evaluation/2,False,1980
final,homesite-insurance,best_esam_only,0,AUROC,roc-auc,higher,0.958991133281215,0.958991133281215,0.9627938464179217,greedy-heads,exp/integrated/final/homesite-insurance/best_esam_only-evaluation/0.toml,exp/integrated/final/homesite-insurance/best_esam_only-greedy-heads-evaluation/0,False,1980
final,homesite-insurance,best_esam_only,1,AUROC,roc-auc,higher,0.9591595812965608,0.9591595812965608,0.9622548696496048,greedy-heads,exp/integrated/final/homesite-insurance/best_esam_only-evaluation/1.toml,exp/integrated/final/homesite-insurance/best_esam_only-greedy-heads-evaluation/1,False,1760
final,homesite-insurance,best_esam_only,2,AUROC,roc-auc,higher,0.9590920051471822,0.9590920051471822,0.9631468941416912,greedy-heads,exp/integrated/final/homesite-insurance/best_esam_only-evaluation/2.toml,exp/integrated/final/homesite-insurance/best_esam_only-greedy-heads-evaluation/2,False,1980
final,homesite-insurance,best_mfb_only,0,AUROC,roc-auc,higher,0.9563975490624737,0.9563975490624737,0.9593891219693567,best-head,exp/integrated/final/homesite-insurance/best_mfb_only-evaluation/0.toml,exp/integrated/final/homesite-insurance/best_mfb_only-best-head-evaluation/0,False,1980
final,homesite-insurance,best_mfb_only,1,AUROC,roc-auc,higher,0.9550071913296724,0.9550071913296724,0.9596843251014889,best-head,exp/integrated/final/homesite-insurance/best_mfb_only-evaluation/1.toml,exp/integrated/final/homesite-insurance/best_mfb_only-best-head-evaluation/1,False,1980
final,homesite-insurance,best_mfb_only,2,AUROC,roc-auc,higher,0.9545391258255768,0.9545391258255768,0.9588200872762291,best-head,exp/integrated/final/homesite-insurance/best_mfb_only-evaluation/2.toml,exp/integrated/final/homesite-insurance/best_mfb_only-best-head-evaluation/2,False,1980
final,homesite-insurance,best_mfb_only,0,AUROC,roc-auc,higher,0.9592957095194116,0.9592957095194116,0.9620218603265258,greedy-heads,exp/integrated/final/homesite-insurance/best_mfb_only-evaluation/0.toml,exp/integrated/final/homesite-insurance/best_mfb_only-greedy-heads-evaluation/0,False,1980
final,homesite-insurance,best_mfb_only,1,AUROC,roc-auc,higher,0.9591725848256957,0.9591725848256957,0.9622278199335073,greedy-heads,exp/integrated/final/homesite-insurance/best_mfb_only-evaluation/1.toml,exp/integrated/final/homesite-insurance/best_mfb_only-greedy-heads-evaluation/1,False,1980
final,homesite-insurance,best_mfb_only,2,AUROC,roc-auc,higher,0.9590785004678369,0.9590785004678369,0.962897309467792,greedy-heads,exp/integrated/final/homesite-insurance/best_mfb_only-evaluation/2.toml,exp/integrated/final/homesite-insurance/best_mfb_only-greedy-heads-evaluation/2,False,1980
final,homesite-insurance,best_cf_fisd_only,0,AUROC,roc-auc,higher,0.957813544584969,0.957813544584969,0.961490313471295,best-head,exp/integrated/final/homesite-insurance/best_cf_fisd_only-evaluation/0.toml,exp/integrated/final/homesite-insurance/best_cf_fisd_only-best-head-evaluation/0,False,2420
final,homesite-insurance,best_cf_fisd_only,1,AUROC,roc-auc,higher,0.9580043948939159,0.9580043948939159,0.9620360194454477,best-head,exp/integrated/final/homesite-insurance/best_cf_fisd_only-evaluation/1.toml,exp/integrated/final/homesite-insurance/best_cf_fisd_only-best-head-evaluation/1,False,1760
final,homesite-insurance,best_cf_fisd_only,2,AUROC,roc-auc,higher,0.9575815999587967,0.9575815999587967,0.9611081622343147,best-head,exp/integrated/final/homesite-insurance/best_cf_fisd_only-evaluation/2.toml,exp/integrated/final/homesite-insurance/best_cf_fisd_only-best-head-evaluation/2,False,1980
final,homesite-insurance,best_cf_fisd_only,0,AUROC,roc-auc,higher,0.9594844321379927,0.9594844321379927,0.9634382071404677,greedy-heads,exp/integrated/final/homesite-insurance/best_cf_fisd_only-evaluation/0.toml,exp/integrated/final/homesite-insurance/best_cf_fisd_only-greedy-heads-evaluation/0,False,2420
final,homesite-insurance,best_cf_fisd_only,1,AUROC,roc-auc,higher,0.9596519921503349,0.9596519921503349,0.9627588835423583,greedy-heads,exp/integrated/final/homesite-insurance/best_cf_fisd_only-evaluation/1.toml,exp/integrated/final/homesite-insurance/best_cf_fisd_only-greedy-heads-evaluation/1,False,1760
final,homesite-insurance,best_cf_fisd_only,2,AUROC,roc-auc,higher,0.9594475404488445,0.9594475404488445,0.9625258379758007,greedy-heads,exp/integrated/final/homesite-insurance/best_cf_fisd_only-evaluation/2.toml,exp/integrated/final/homesite-insurance/best_cf_fisd_only-greedy-heads-evaluation/2,False,1980
final,homesite-insurance,best_combined,0,AUROC,roc-auc,higher,0.9576967765860231,0.9576967765860231,0.9617315500639867,best-head,exp/integrated/final/homesite-insurance/best_combined-evaluation/0.toml,exp/integrated/final/homesite-insurance/best_combined-best-head-evaluation/0,False,1980
final,homesite-insurance,best_combined,1,AUROC,roc-auc,higher,0.9574705028701225,0.9574705028701225,0.9608438143835193,best-head,exp/integrated/final/homesite-insurance/best_combined-evaluation/1.toml,exp/integrated/final/homesite-insurance/best_combined-best-head-evaluation/1,False,1760
final,homesite-insurance,best_combined,2,AUROC,roc-auc,higher,0.9571173941905297,0.9571173941905297,0.9613875873721536,best-head,exp/integrated/final/homesite-insurance/best_combined-evaluation/2.toml,exp/integrated/final/homesite-insurance/best_combined-best-head-evaluation/2,False,2200
final,homesite-insurance,best_combined,0,AUROC,roc-auc,higher,0.9597570226838343,0.9597570226838343,0.9633062567165207,greedy-heads,exp/integrated/final/homesite-insurance/best_combined-evaluation/0.toml,exp/integrated/final/homesite-insurance/best_combined-greedy-heads-evaluation/0,False,1980
final,homesite-insurance,best_combined,1,AUROC,roc-auc,higher,0.9595148440428459,0.9595148440428459,0.9624332721317901,greedy-heads,exp/integrated/final/homesite-insurance/best_combined-evaluation/1.toml,exp/integrated/final/homesite-insurance/best_combined-greedy-heads-evaluation/1,False,1760
final,homesite-insurance,best_combined,2,AUROC,roc-auc,higher,0.9596270313530297,0.9596270313530297,0.9628075343716237,greedy-heads,exp/integrated/final/homesite-insurance/best_combined-evaluation/2.toml,exp/integrated/final/homesite-insurance/best_combined-greedy-heads-evaluation/2,False,2200
final,cooking-time,baseline_plr,0,RMSE,rmse,lower,0.4627596029926704,-0.4627596029926704,0.4802386655626689,mean,exp/integrated/final/cooking-time/baseline_plr-evaluation/0.toml,exp/integrated/final/cooking-time/baseline_plr-evaluation/0,False,23088
final,cooking-time,baseline_plr,1,RMSE,rmse,lower,0.46274572430329897,-0.46274572430329897,0.4804413950506519,mean,exp/integrated/final/cooking-time/baseline_plr-evaluation/1.toml,exp/integrated/final/cooking-time/baseline_plr-evaluation/1,False,19092
final,cooking-time,baseline_plr,2,RMSE,rmse,lower,0.4626209262038764,-0.4626209262038764,0.48046188039443216,mean,exp/integrated/final/cooking-time/baseline_plr-evaluation/2.toml,exp/integrated/final/cooking-time/baseline_plr-evaluation/2,False,28638
final,cooking-time,best_rla_only,0,RMSE,rmse,lower,0.46272482498106277,-0.46272482498106277,0.4802920784266626,mean,exp/integrated/final/cooking-time/best_rla_only-evaluation/0.toml,exp/integrated/final/cooking-time/best_rla_only-evaluation/0,False,23088
final,cooking-time,best_rla_only,1,RMSE,rmse,lower,0.4627833825636106,-0.4627833825636106,0.4804816670736117,mean,exp/integrated/final/cooking-time/best_rla_only-evaluation/1.toml,exp/integrated/final/cooking-time/best_rla_only-evaluation/1,False,19092
final,cooking-time,best_rla_only,2,RMSE,rmse,lower,0.4626829107835815,-0.4626829107835815,0.4805534877331418,mean,exp/integrated/final/cooking-time/best_rla_only-evaluation/2.toml,exp/integrated/final/cooking-time/best_rla_only-evaluation/2,False,28638
final,cooking-time,best_esam_only,0,RMSE,rmse,lower,0.4627563346148938,-0.4627563346148938,0.4802735094812688,mean,exp/integrated/final/cooking-time/best_esam_only-evaluation/0.toml,exp/integrated/final/cooking-time/best_esam_only-evaluation/0,False,23088
final,cooking-time,best_esam_only,1,RMSE,rmse,lower,0.4627833664641114,-0.4627833664641114,0.4804732935000574,mean,exp/integrated/final/cooking-time/best_esam_only-evaluation/1.toml,exp/integrated/final/cooking-time/best_esam_only-evaluation/1,False,19092
final,cooking-time,best_esam_only,2,RMSE,rmse,lower,0.4626873390860138,-0.4626873390860138,0.4802976784438942,mean,exp/integrated/final/cooking-time/best_esam_only-evaluation/2.toml,exp/integrated/final/cooking-time/best_esam_only-evaluation/2,False,29526
final,cooking-time,best_mfb_only,0,RMSE,rmse,lower,0.4634085546239816,-0.4634085546239816,0.4808915146871742,mean,exp/integrated/final/cooking-time/best_mfb_only-evaluation/0.toml,exp/integrated/final/cooking-time/best_mfb_only-evaluation/0,False,23088
final,cooking-time,best_mfb_only,1,RMSE,rmse,lower,0.4632980549483924,-0.4632980549483924,0.48077915988352504,mean,exp/integrated/final/cooking-time/best_mfb_only-evaluation/1.toml,exp/integrated/final/cooking-time/best_mfb_only-evaluation/1,False,18870
final,cooking-time,best_mfb_only,2,RMSE,rmse,lower,0.4630663413507467,-0.4630663413507467,0.48078120546833536,mean,exp/integrated/final/cooking-time/best_mfb_only-evaluation/2.toml,exp/integrated/final/cooking-time/best_mfb_only-evaluation/2,False,28638
final,cooking-time,best_cf_fisd_only,0,RMSE,rmse,lower,0.4632019090821483,-0.4632019090821483,0.4808496810468957,mean,exp/integrated/final/cooking-time/best_cf_fisd_only-evaluation/0.toml,exp/integrated/final/cooking-time/best_cf_fisd_only-evaluation/0,False,17982
final,cooking-time,best_cf_fisd_only,1,RMSE,rmse,lower,0.4632797054631699,-0.4632797054631699,0.48088074674610853,mean,exp/integrated/final/cooking-time/best_cf_fisd_only-evaluation/1.toml,exp/integrated/final/cooking-time/best_cf_fisd_only-evaluation/1,False,14652
final,cooking-time,best_cf_fisd_only,2,RMSE,rmse,lower,0.46327719662519024,-0.46327719662519024,0.48070024325509664,mean,exp/integrated/final/cooking-time/best_cf_fisd_only-evaluation/2.toml,exp/integrated/final/cooking-time/best_cf_fisd_only-evaluation/2,False,12876
final,cooking-time,best_combined,0,RMSE,rmse,lower,0.4627353230636857,-0.4627353230636857,0.4803077303885999,mean,exp/integrated/final/cooking-time/best_combined-evaluation/0.toml,exp/integrated/final/cooking-time/best_combined-evaluation/0,False,23088
final,cooking-time,best_combined,1,RMSE,rmse,lower,0.4627920762114039,-0.4627920762114039,0.4804951265119692,mean,exp/integrated/final/cooking-time/best_combined-evaluation/1.toml,exp/integrated/final/cooking-time/best_combined-evaluation/1,False,19092
final,cooking-time,best_combined,2,RMSE,rmse,lower,0.4627156309124574,-0.4627156309124574,0.4803808798726675,mean,exp/integrated/final/cooking-time/best_combined-evaluation/2.toml,exp/integrated/final/cooking-time/best_combined-evaluation/2,False,29526
final,cooking-time,baseline_plr,0,RMSE,rmse,lower,0.4652274815891859,-0.4652274815891859,0.4820660657381116,best-head,exp/integrated/final/cooking-time/baseline_plr-evaluation/0.toml,exp/integrated/final/cooking-time/baseline_plr-best-head-evaluation/0,False,23088
final,cooking-time,baseline_plr,1,RMSE,rmse,lower,0.46461960653787665,-0.46461960653787665,0.4822480664686614,best-head,exp/integrated/final/cooking-time/baseline_plr-evaluation/1.toml,exp/integrated/final/cooking-time/baseline_plr-best-head-evaluation/1,False,19092
final,cooking-time,baseline_plr,2,RMSE,rmse,lower,0.46567157154030486,-0.46567157154030486,0.48281151175783615,best-head,exp/integrated/final/cooking-time/baseline_plr-evaluation/2.toml,exp/integrated/final/cooking-time/baseline_plr-best-head-evaluation/2,False,28638
final,cooking-time,baseline_plr,0,RMSE,rmse,lower,0.4625169879783321,-0.4625169879783321,0.47990786370986477,greedy-heads,exp/integrated/final/cooking-time/baseline_plr-evaluation/0.toml,exp/integrated/final/cooking-time/baseline_plr-greedy-heads-evaluation/0,False,23088
final,cooking-time,baseline_plr,1,RMSE,rmse,lower,0.4624852364993238,-0.4624852364993238,0.4800568652741734,greedy-heads,exp/integrated/final/cooking-time/baseline_plr-evaluation/1.toml,exp/integrated/final/cooking-time/baseline_plr-greedy-heads-evaluation/1,False,19092
final,cooking-time,baseline_plr,2,RMSE,rmse,lower,0.46240787039558773,-0.46240787039558773,0.480411417572094,greedy-heads,exp/integrated/final/cooking-time/baseline_plr-evaluation/2.toml,exp/integrated/final/cooking-time/baseline_plr-greedy-heads-evaluation/2,False,28638
final,cooking-time,best_rla_only,0,RMSE,rmse,lower,0.4649795846661889,-0.4649795846661889,0.4827695666979872,best-head,exp/integrated/final/cooking-time/best_rla_only-evaluation/0.toml,exp/integrated/final/cooking-time/best_rla_only-best-head-evaluation/0,False,23088
final,cooking-time,best_rla_only,1,RMSE,rmse,lower,0.46454139300633795,-0.46454139300633795,0.4826743974666991,best-head,exp/integrated/final/cooking-time/best_rla_only-evaluation/1.toml,exp/integrated/final/cooking-time/best_rla_only-best-head-evaluation/1,False,19092
final,cooking-time,best_rla_only,2,RMSE,rmse,lower,0.46551838172590837,-0.46551838172590837,0.4845241655350321,best-head,exp/integrated/final/cooking-time/best_rla_only-evaluation/2.toml,exp/integrated/final/cooking-time/best_rla_only-best-head-evaluation/2,False,28638
final,cooking-time,best_rla_only,0,RMSE,rmse,lower,0.4624107384246987,-0.4624107384246987,0.479974942646056,greedy-heads,exp/integrated/final/cooking-time/best_rla_only-evaluation/0.toml,exp/integrated/final/cooking-time/best_rla_only-greedy-heads-evaluation/0,False,23088
final,cooking-time,best_rla_only,1,RMSE,rmse,lower,0.46252858614858405,-0.46252858614858405,0.48029415711103896,greedy-heads,exp/integrated/final/cooking-time/best_rla_only-evaluation/1.toml,exp/integrated/final/cooking-time/best_rla_only-greedy-heads-evaluation/1,False,19092
final,cooking-time,best_rla_only,2,RMSE,rmse,lower,0.462385779530238,-0.462385779530238,0.4801696683856488,greedy-heads,exp/integrated/final/cooking-time/best_rla_only-evaluation/2.toml,exp/integrated/final/cooking-time/best_rla_only-greedy-heads-evaluation/2,False,28638
final,cooking-time,best_esam_only,0,RMSE,rmse,lower,0.46513258351328474,-0.46513258351328474,0.48253251942068065,best-head,exp/integrated/final/cooking-time/best_esam_only-evaluation/0.toml,exp/integrated/final/cooking-time/best_esam_only-best-head-evaluation/0,False,23088
final,cooking-time,best_esam_only,1,RMSE,rmse,lower,0.46441974054703444,-0.46441974054703444,0.48248829558115747,best-head,exp/integrated/final/cooking-time/best_esam_only-evaluation/1.toml,exp/integrated/final/cooking-time/best_esam_only-best-head-evaluation/1,False,19092
final,cooking-time,best_esam_only,2,RMSE,rmse,lower,0.4655328979544962,-0.4655328979544962,0.48239242216697287,best-head,exp/integrated/final/cooking-time/best_esam_only-evaluation/2.toml,exp/integrated/final/cooking-time/best_esam_only-best-head-evaluation/2,False,29526
final,cooking-time,best_esam_only,0,RMSE,rmse,lower,0.46246732196836127,-0.46246732196836127,0.4800169922135662,greedy-heads,exp/integrated/final/cooking-time/best_esam_only-evaluation/0.toml,exp/integrated/final/cooking-time/best_esam_only-greedy-heads-evaluation/0,False,23088
final,cooking-time,best_esam_only,1,RMSE,rmse,lower,0.46256428091435436,-0.46256428091435436,0.4801574722160279,greedy-heads,exp/integrated/final/cooking-time/best_esam_only-evaluation/1.toml,exp/integrated/final/cooking-time/best_esam_only-greedy-heads-evaluation/1,False,19092
final,cooking-time,best_esam_only,2,RMSE,rmse,lower,0.462401054726952,-0.462401054726952,0.48002014306639385,greedy-heads,exp/integrated/final/cooking-time/best_esam_only-evaluation/2.toml,exp/integrated/final/cooking-time/best_esam_only-greedy-heads-evaluation/2,False,29526
final,cooking-time,best_mfb_only,0,RMSE,rmse,lower,0.4652213638497702,-0.4652213638497702,0.48343941871247514,best-head,exp/integrated/final/cooking-time/best_mfb_only-evaluation/0.toml,exp/integrated/final/cooking-time/best_mfb_only-best-head-evaluation/0,False,23088
final,cooking-time,best_mfb_only,1,RMSE,rmse,lower,0.4651112788369628,-0.4651112788369628,0.4825797035175412,best-head,exp/integrated/final/cooking-time/best_mfb_only-evaluation/1.toml,exp/integrated/final/cooking-time/best_mfb_only-best-head-evaluation/1,False,18870
final,cooking-time,best_mfb_only,2,RMSE,rmse,lower,0.4653975929915622,-0.4653975929915622,0.48330849475451526,best-head,exp/integrated/final/cooking-time/best_mfb_only-evaluation/2.toml,exp/integrated/final/cooking-time/best_mfb_only-best-head-evaluation/2,False,28638
final,cooking-time,best_mfb_only,0,RMSE,rmse,lower,0.4624822561623469,-0.4624822561623469,0.4798057758257153,greedy-heads,exp/integrated/final/cooking-time/best_mfb_only-evaluation/0.toml,exp/integrated/final/cooking-time/best_mfb_only-greedy-heads-evaluation/0,False,23088
final,cooking-time,best_mfb_only,1,RMSE,rmse,lower,0.4626697544496206,-0.4626697544496206,0.47992630708272743,greedy-heads,exp/integrated/final/cooking-time/best_mfb_only-evaluation/1.toml,exp/integrated/final/cooking-time/best_mfb_only-greedy-heads-evaluation/1,False,18870
final,cooking-time,best_mfb_only,2,RMSE,rmse,lower,0.462357531977379,-0.462357531977379,0.48018644149208806,greedy-heads,exp/integrated/final/cooking-time/best_mfb_only-evaluation/2.toml,exp/integrated/final/cooking-time/best_mfb_only-greedy-heads-evaluation/2,False,28638
final,cooking-time,best_cf_fisd_only,0,RMSE,rmse,lower,0.4638214410008231,-0.4638214410008231,0.4819659035779245,best-head,exp/integrated/final/cooking-time/best_cf_fisd_only-evaluation/0.toml,exp/integrated/final/cooking-time/best_cf_fisd_only-best-head-evaluation/0,False,17982
final,cooking-time,best_cf_fisd_only,2,RMSE,rmse,lower,0.46399304740420017,-0.46399304740420017,0.4807545037031361,best-head,exp/integrated/final/cooking-time/best_cf_fisd_only-evaluation/2.toml,exp/integrated/final/cooking-time/best_cf_fisd_only-best-head-evaluation/2,False,12876
final,cooking-time,best_cf_fisd_only,1,RMSE,rmse,lower,0.4640342331314561,-0.4640342331314561,0.4812057394258983,best-head,exp/integrated/final/cooking-time/best_cf_fisd_only-evaluation/1.toml,exp/integrated/final/cooking-time/best_cf_fisd_only-best-head-evaluation/1,False,14652
final,cooking-time,best_cf_fisd_only,0,RMSE,rmse,lower,0.4628482268025946,-0.4628482268025946,0.4803119031248436,greedy-heads,exp/integrated/final/cooking-time/best_cf_fisd_only-evaluation/0.toml,exp/integrated/final/cooking-time/best_cf_fisd_only-greedy-heads-evaluation/0,False,17982
final,cooking-time,best_cf_fisd_only,2,RMSE,rmse,lower,0.46301623543457804,-0.46301623543457804,0.4803092971079454,greedy-heads,exp/integrated/final/cooking-time/best_cf_fisd_only-evaluation/2.toml,exp/integrated/final/cooking-time/best_cf_fisd_only-greedy-heads-evaluation/2,False,12876
final,cooking-time,best_cf_fisd_only,1,RMSE,rmse,lower,0.4629984701854322,-0.4629984701854322,0.4803911006799199,greedy-heads,exp/integrated/final/cooking-time/best_cf_fisd_only-evaluation/1.toml,exp/integrated/final/cooking-time/best_cf_fisd_only-greedy-heads-evaluation/1,False,14652
final,cooking-time,best_combined,0,RMSE,rmse,lower,0.46492255368357066,-0.46492255368357066,0.4825495500767423,best-head,exp/integrated/final/cooking-time/best_combined-evaluation/0.toml,exp/integrated/final/cooking-time/best_combined-best-head-evaluation/0,False,23088
final,cooking-time,best_combined,1,RMSE,rmse,lower,0.46452431161307095,-0.46452431161307095,0.48248902135425475,best-head,exp/integrated/final/cooking-time/best_combined-evaluation/1.toml,exp/integrated/final/cooking-time/best_combined-best-head-evaluation/1,False,19092
final,cooking-time,best_combined,2,RMSE,rmse,lower,0.46544124766603506,-0.46544124766603506,0.4832114117959526,best-head,exp/integrated/final/cooking-time/best_combined-evaluation/2.toml,exp/integrated/final/cooking-time/best_combined-best-head-evaluation/2,False,29526
final,cooking-time,best_combined,0,RMSE,rmse,lower,0.4624234187671886,-0.4624234187671886,0.4800586966547807,greedy-heads,exp/integrated/final/cooking-time/best_combined-evaluation/0.toml,exp/integrated/final/cooking-time/best_combined-greedy-heads-evaluation/0,False,23088
final,cooking-time,best_combined,1,RMSE,rmse,lower,0.46250972286520653,-0.46250972286520653,0.4801020579816987,greedy-heads,exp/integrated/final/cooking-time/best_combined-evaluation/1.toml,exp/integrated/final/cooking-time/best_combined-greedy-heads-evaluation/1,False,19092
final,cooking-time,best_combined,2,RMSE,rmse,lower,0.4623945128795896,-0.4623945128795896,0.4799174115040007,greedy-heads,exp/integrated/final/cooking-time/best_combined-evaluation/2.toml,exp/integrated/final/cooking-time/best_combined-greedy-heads-evaluation/2,False,29526
final,delivery-eta,baseline_plr,0,RMSE,rmse,lower,0.5558749906446844,-0.5558749906446844,0.5496162918403876,mean,exp/integrated/final/delivery-eta/baseline_plr-evaluation/0.toml,exp/integrated/final/delivery-eta/baseline_plr-evaluation/0,False,2184
final,delivery-eta,baseline_plr,1,RMSE,rmse,lower,0.5562247345576334,-0.5562247345576334,0.550284872190118,mean,exp/integrated/final/delivery-eta/baseline_plr-evaluation/1.toml,exp/integrated/final/delivery-eta/baseline_plr-evaluation/1,False,1638
final,delivery-eta,baseline_plr,2,RMSE,rmse,lower,0.5557493871736087,-0.5557493871736087,0.5507763801521746,mean,exp/integrated/final/delivery-eta/baseline_plr-evaluation/2.toml,exp/integrated/final/delivery-eta/baseline_plr-evaluation/2,False,1638
final,delivery-eta,best_rla_only,0,RMSE,rmse,lower,0.5556336245387727,-0.5556336245387727,0.5518591323593222,mean,exp/integrated/final/delivery-eta/best_rla_only-evaluation/0.toml,exp/integrated/final/delivery-eta/best_rla_only-evaluation/0,False,1365
final,delivery-eta,best_rla_only,1,RMSE,rmse,lower,0.5562834011722252,-0.5562834011722252,0.5505008118837418,mean,exp/integrated/final/delivery-eta/best_rla_only-evaluation/1.toml,exp/integrated/final/delivery-eta/best_rla_only-evaluation/1,False,1365
final,delivery-eta,best_rla_only,2,RMSE,rmse,lower,0.5564119371157284,-0.5564119371157284,0.5491394300416609,mean,exp/integrated/final/delivery-eta/best_rla_only-evaluation/2.toml,exp/integrated/final/delivery-eta/best_rla_only-evaluation/2,False,1365
final,delivery-eta,best_esam_only,0,RMSE,rmse,lower,0.5556360918188752,-0.5556360918188752,0.5494649592968895,mean,exp/integrated/final/delivery-eta/best_esam_only-evaluation/0.toml,exp/integrated/final/delivery-eta/best_esam_only-evaluation/0,False,2184
final,delivery-eta,best_esam_only,1,RMSE,rmse,lower,0.5559996009180297,-0.5559996009180297,0.5517844674752832,mean,exp/integrated/final/delivery-eta/best_esam_only-evaluation/1.toml,exp/integrated/final/delivery-eta/best_esam_only-evaluation/1,False,1638
final,delivery-eta,best_esam_only,2,RMSE,rmse,lower,0.555909194911898,-0.555909194911898,0.5492662194956084,mean,exp/integrated/final/delivery-eta/best_esam_only-evaluation/2.toml,exp/integrated/final/delivery-eta/best_esam_only-evaluation/2,False,1638
final,delivery-eta,best_mfb_only,0,RMSE,rmse,lower,0.5576335149669441,-0.5576335149669441,0.5507854163911843,mean,exp/integrated/final/delivery-eta/best_mfb_only-evaluation/0.toml,exp/integrated/final/delivery-eta/best_mfb_only-evaluation/0,False,2730
final,delivery-eta,best_mfb_only,1,RMSE,rmse,lower,0.5557639999222178,-0.5557639999222178,0.5537457867240355,mean,exp/integrated/final/delivery-eta/best_mfb_only-evaluation/1.toml,exp/integrated/final/delivery-eta/best_mfb_only-evaluation/1,False,1638
final,delivery-eta,best_mfb_only,2,RMSE,rmse,lower,0.556207481645197,-0.556207481645197,0.551272504610975,mean,exp/integrated/final/delivery-eta/best_mfb_only-evaluation/2.toml,exp/integrated/final/delivery-eta/best_mfb_only-evaluation/2,False,3003
final,delivery-eta,best_cf_fisd_only,0,RMSE,rmse,lower,0.5562445854609275,-0.5562445854609275,0.5504166498793033,mean,exp/integrated/final/delivery-eta/best_cf_fisd_only-evaluation/0.toml,exp/integrated/final/delivery-eta/best_cf_fisd_only-evaluation/0,False,2184
final,delivery-eta,best_cf_fisd_only,1,RMSE,rmse,lower,0.5564364677950075,-0.5564364677950075,0.550973168882935,mean,exp/integrated/final/delivery-eta/best_cf_fisd_only-evaluation/1.toml,exp/integrated/final/delivery-eta/best_cf_fisd_only-evaluation/1,False,1365
final,delivery-eta,best_cf_fisd_only,2,RMSE,rmse,lower,0.5569470014167281,-0.5569470014167281,0.5474489469980929,mean,exp/integrated/final/delivery-eta/best_cf_fisd_only-evaluation/2.toml,exp/integrated/final/delivery-eta/best_cf_fisd_only-evaluation/2,False,1365
final,delivery-eta,best_combined,0,RMSE,rmse,lower,0.5559417888696784,-0.5559417888696784,0.5541331785404355,mean,exp/integrated/final/delivery-eta/best_combined-evaluation/0.toml,exp/integrated/final/delivery-eta/best_combined-evaluation/0,False,1365
final,delivery-eta,best_combined,1,RMSE,rmse,lower,0.5563776030607058,-0.5563776030607058,0.5504132928776152,mean,exp/integrated/final/delivery-eta/best_combined-evaluation/1.toml,exp/integrated/final/delivery-eta/best_combined-evaluation/1,False,1638
final,delivery-eta,best_combined,2,RMSE,rmse,lower,0.556831808887752,-0.556831808887752,0.5516551774702309,mean,exp/integrated/final/delivery-eta/best_combined-evaluation/2.toml,exp/integrated/final/delivery-eta/best_combined-evaluation/2,False,819
final,delivery-eta,baseline_plr,0,RMSE,rmse,lower,0.5583881453279098,-0.5583881453279098,0.5557654209580059,best-head,exp/integrated/final/delivery-eta/baseline_plr-evaluation/0.toml,exp/integrated/final/delivery-eta/baseline_plr-best-head-evaluation/0,False,2184
final,delivery-eta,baseline_plr,1,RMSE,rmse,lower,0.5578575885405295,-0.5578575885405295,0.5568376961917461,best-head,exp/integrated/final/delivery-eta/baseline_plr-evaluation/1.toml,exp/integrated/final/delivery-eta/baseline_plr-best-head-evaluation/1,False,1638
final,delivery-eta,baseline_plr,2,RMSE,rmse,lower,0.5576450053690213,-0.5576450053690213,0.5574656479348947,best-head,exp/integrated/final/delivery-eta/baseline_plr-evaluation/2.toml,exp/integrated/final/delivery-eta/baseline_plr-best-head-evaluation/2,False,1638
final,delivery-eta,baseline_plr,0,RMSE,rmse,lower,0.5553348954063525,-0.5553348954063525,0.550360417400049,greedy-heads,exp/integrated/final/delivery-eta/baseline_plr-evaluation/0.toml,exp/integrated/final/delivery-eta/baseline_plr-greedy-heads-evaluation/0,False,2184
final,delivery-eta,baseline_plr,1,RMSE,rmse,lower,0.5553836483690917,-0.5553836483690917,0.5515298017800222,greedy-heads,exp/integrated/final/delivery-eta/baseline_plr-evaluation/1.toml,exp/integrated/final/delivery-eta/baseline_plr-greedy-heads-evaluation/1,False,1638
final,delivery-eta,baseline_plr,2,RMSE,rmse,lower,0.5554437183690072,-0.5554437183690072,0.5516331354574737,greedy-heads,exp/integrated/final/delivery-eta/baseline_plr-evaluation/2.toml,exp/integrated/final/delivery-eta/baseline_plr-greedy-heads-evaluation/2,False,1638
final,delivery-eta,best_rla_only,0,RMSE,rmse,lower,0.5574634025946379,-0.5574634025946379,0.5547066537478277,best-head,exp/integrated/final/delivery-eta/best_rla_only-evaluation/0.toml,exp/integrated/final/delivery-eta/best_rla_only-best-head-evaluation/0,False,1365
final,delivery-eta,best_rla_only,1,RMSE,rmse,lower,0.5576988200546102,-0.5576988200546102,0.551726996987587,best-head,exp/integrated/final/delivery-eta/best_rla_only-evaluation/1.toml,exp/integrated/final/delivery-eta/best_rla_only-best-head-evaluation/1,False,1365
final,delivery-eta,best_rla_only,2,RMSE,rmse,lower,0.5580165521873937,-0.5580165521873937,0.5499792279309027,best-head,exp/integrated/final/delivery-eta/best_rla_only-evaluation/2.toml,exp/integrated/final/delivery-eta/best_rla_only-best-head-evaluation/2,False,1365
final,delivery-eta,best_rla_only,0,RMSE,rmse,lower,0.5552720495549479,-0.5552720495549479,0.5524877260752137,greedy-heads,exp/integrated/final/delivery-eta/best_rla_only-evaluation/0.toml,exp/integrated/final/delivery-eta/best_rla_only-greedy-heads-evaluation/0,False,1365
final,delivery-eta,best_rla_only,1,RMSE,rmse,lower,0.55584140086384,-0.55584140086384,0.5514378793216401,greedy-heads,exp/integrated/final/delivery-eta/best_rla_only-evaluation/1.toml,exp/integrated/final/delivery-eta/best_rla_only-greedy-heads-evaluation/1,False,1365
final,delivery-eta,best_rla_only,2,RMSE,rmse,lower,0.555843679564389,-0.555843679564389,0.5502940789713319,greedy-heads,exp/integrated/final/delivery-eta/best_rla_only-evaluation/2.toml,exp/integrated/final/delivery-eta/best_rla_only-greedy-heads-evaluation/2,False,1365
final,delivery-eta,best_esam_only,0,RMSE,rmse,lower,0.5582863288518123,-0.5582863288518123,0.5560390501031047,best-head,exp/integrated/final/delivery-eta/best_esam_only-evaluation/0.toml,exp/integrated/final/delivery-eta/best_esam_only-best-head-evaluation/0,False,2184
final,delivery-eta,best_esam_only,1,RMSE,rmse,lower,0.5579506166150647,-0.5579506166150647,0.5600144253303337,best-head,exp/integrated/final/delivery-eta/best_esam_only-evaluation/1.toml,exp/integrated/final/delivery-eta/best_esam_only-best-head-evaluation/1,False,1638
final,delivery-eta,best_esam_only,2,RMSE,rmse,lower,0.5578059530007539,-0.5578059530007539,0.5592548752846349,best-head,exp/integrated/final/delivery-eta/best_esam_only-evaluation/2.toml,exp/integrated/final/delivery-eta/best_esam_only-best-head-evaluation/2,False,1638
final,delivery-eta,best_esam_only,0,RMSE,rmse,lower,0.5551513290724005,-0.5551513290724005,0.5507488105906536,greedy-heads,exp/integrated/final/delivery-eta/best_esam_only-evaluation/0.toml,exp/integrated/final/delivery-eta/best_esam_only-greedy-heads-evaluation/0,False,2184
final,delivery-eta,best_esam_only,1,RMSE,rmse,lower,0.5557057343261759,-0.5557057343261759,0.5517152752978882,greedy-heads,exp/integrated/final/delivery-eta/best_esam_only-evaluation/1.toml,exp/integrated/final/delivery-eta/best_esam_only-greedy-heads-evaluation/1,False,1638
final,delivery-eta,best_esam_only,2,RMSE,rmse,lower,0.5554111756694609,-0.5554111756694609,0.5509796867295551,greedy-heads,exp/integrated/final/delivery-eta/best_esam_only-evaluation/2.toml,exp/integrated/final/delivery-eta/best_esam_only-greedy-heads-evaluation/2,False,1638
final,delivery-eta,best_mfb_only,0,RMSE,rmse,lower,0.5595885535124743,-0.5595885535124743,0.5534224254724212,best-head,exp/integrated/final/delivery-eta/best_mfb_only-evaluation/0.toml,exp/integrated/final/delivery-eta/best_mfb_only-best-head-evaluation/0,False,2730
final,delivery-eta,best_mfb_only,1,RMSE,rmse,lower,0.5585395946793884,-0.5585395946793884,0.5622948696369855,best-head,exp/integrated/final/delivery-eta/best_mfb_only-evaluation/1.toml,exp/integrated/final/delivery-eta/best_mfb_only-best-head-evaluation/1,False,1638
final,delivery-eta,best_mfb_only,2,RMSE,rmse,lower,0.5610582099606907,-0.5610582099606907,0.5524986222625401,best-head,exp/integrated/final/delivery-eta/best_mfb_only-evaluation/2.toml,exp/integrated/final/delivery-eta/best_mfb_only-best-head-evaluation/2,False,3003
final,delivery-eta,best_mfb_only,0,RMSE,rmse,lower,0.5551008108444078,-0.5551008108444078,0.5501919833980724,greedy-heads,exp/integrated/final/delivery-eta/best_mfb_only-evaluation/0.toml,exp/integrated/final/delivery-eta/best_mfb_only-greedy-heads-evaluation/0,False,2730
final,delivery-eta,best_mfb_only,1,RMSE,rmse,lower,0.5549583042651809,-0.5549583042651809,0.5533328640985606,greedy-heads,exp/integrated/final/delivery-eta/best_mfb_only-evaluation/1.toml,exp/integrated/final/delivery-eta/best_mfb_only-greedy-heads-evaluation/1,False,1638
final,delivery-eta,best_mfb_only,2,RMSE,rmse,lower,0.55517701590878,-0.55517701590878,0.5505736480564649,greedy-heads,exp/integrated/final/delivery-eta/best_mfb_only-evaluation/2.toml,exp/integrated/final/delivery-eta/best_mfb_only-greedy-heads-evaluation/2,False,3003
final,delivery-eta,best_cf_fisd_only,0,RMSE,rmse,lower,0.557661572508718,-0.557661572508718,0.553144673358601,best-head,exp/integrated/final/delivery-eta/best_cf_fisd_only-evaluation/0.toml,exp/integrated/final/delivery-eta/best_cf_fisd_only-best-head-evaluation/0,False,2184
final,delivery-eta,best_cf_fisd_only,1,RMSE,rmse,lower,0.5570080264093609,-0.5570080264093609,0.5540194450901057,best-head,exp/integrated/final/delivery-eta/best_cf_fisd_only-evaluation/1.toml,exp/integrated/final/delivery-eta/best_cf_fisd_only-best-head-evaluation/1,False,1365
final,delivery-eta,best_cf_fisd_only,2,RMSE,rmse,lower,0.5578165315968546,-0.5578165315968546,0.5527351028922852,best-head,exp/integrated/final/delivery-eta/best_cf_fisd_only-evaluation/2.toml,exp/integrated/final/delivery-eta/best_cf_fisd_only-best-head-evaluation/2,False,1365
final,delivery-eta,best_cf_fisd_only,0,RMSE,rmse,lower,0.5556691040453957,-0.5556691040453957,0.5521822756750591,greedy-heads,exp/integrated/final/delivery-eta/best_cf_fisd_only-evaluation/0.toml,exp/integrated/final/delivery-eta/best_cf_fisd_only-greedy-heads-evaluation/0,False,2184
final,delivery-eta,best_cf_fisd_only,1,RMSE,rmse,lower,0.5559175580175352,-0.5559175580175352,0.5539339615490284,greedy-heads,exp/integrated/final/delivery-eta/best_cf_fisd_only-evaluation/1.toml,exp/integrated/final/delivery-eta/best_cf_fisd_only-greedy-heads-evaluation/1,False,1365
final,delivery-eta,best_cf_fisd_only,2,RMSE,rmse,lower,0.5559178796729317,-0.5559178796729317,0.551186027318127,greedy-heads,exp/integrated/final/delivery-eta/best_cf_fisd_only-evaluation/2.toml,exp/integrated/final/delivery-eta/best_cf_fisd_only-greedy-heads-evaluation/2,False,1365
final,delivery-eta,best_combined,0,RMSE,rmse,lower,0.5572907783524989,-0.5572907783524989,0.5545303498210034,best-head,exp/integrated/final/delivery-eta/best_combined-evaluation/0.toml,exp/integrated/final/delivery-eta/best_combined-best-head-evaluation/0,False,1365
final,delivery-eta,best_combined,2,RMSE,rmse,lower,0.5577944659141506,-0.5577944659141506,0.5536175199956386,best-head,exp/integrated/final/delivery-eta/best_combined-evaluation/2.toml,exp/integrated/final/delivery-eta/best_combined-best-head-evaluation/2,False,819
final,delivery-eta,best_combined,1,RMSE,rmse,lower,0.5571610811723605,-0.5571610811723605,0.5529389828325415,best-head,exp/integrated/final/delivery-eta/best_combined-evaluation/1.toml,exp/integrated/final/delivery-eta/best_combined-best-head-evaluation/1,False,1638
final,delivery-eta,best_combined,0,RMSE,rmse,lower,0.5552988041877751,-0.5552988041877751,0.5525187688548042,greedy-heads,exp/integrated/final/delivery-eta/best_combined-evaluation/0.toml,exp/integrated/final/delivery-eta/best_combined-greedy-heads-evaluation/0,False,1365
final,delivery-eta,best_combined,2,RMSE,rmse,lower,0.5564955940706238,-0.5564955940706238,0.5523659114897095,greedy-heads,exp/integrated/final/delivery-eta/best_combined-evaluation/2.toml,exp/integrated/final/delivery-eta/best_combined-greedy-heads-evaluation/2,False,819
final,delivery-eta,best_combined,1,RMSE,rmse,lower,0.5558474595058753,-0.5558474595058753,0.5521241448870569,greedy-heads,exp/integrated/final/delivery-eta/best_combined-evaluation/1.toml,exp/integrated/final/delivery-eta/best_combined-greedy-heads-evaluation/1,False,1638
